id,facilityNo,facilityName,diseaseCode,diseaseName,startDate,reportDate,endDate,durationDays,severity,latitude,longitude,productionArea,status,source,recordIndex
outbreak_synthetic_0,1000,Nord-Trøndelag Anlegg 0,PD,Pancreatic Disease,2022-12-21T03:18:54.233Z,2022-12-21T03:18:54.233Z,2023-03-21T03:18:54.233Z,90,kritisk,65.98696033731282,11.96065530559823,Area_8,resolved,Synthetic_Training_Data,0
outbreak_synthetic_1,1001,Troms Anlegg 1,PRV,Piscine Reovirus,2023-04-30T02:18:54.233Z,2023-04-30T02:18:54.233Z,2023-06-06T02:18:54.233Z,37,kritisk,68.44246352980986,17.84570740408331,Area_9,resolved,Synthetic_Training_Data,1
outbreak_synthetic_2,1002,Hordaland Anlegg 2,SRS,Salmon Rickettsial Septicaemia,2017-08-29T02:18:54.233Z,2017-08-29T02:18:54.233Z,2017-09-12T02:18:54.233Z,14,kritisk,60.31681634183149,5.585931126636735,Area_9,resolved,Synthetic_Training_Data,2
outbreak_synthetic_3,1003,Hordaland Anlegg 3,SRS,Salmon Rickettsial Septicaemia,2017-04-25T02:18:54.233Z,2017-04-25T02:18:54.233Z,2017-04-30T02:18:54.233Z,5,kritisk,60.06378842444347,5.497949257681367,Area_5,resolved,Synthetic_Training_Data,3
outbreak_synthetic_4,1004,Troms Anlegg 4,PRV,Piscine Reovirus,2025-12-20T03:18:54.233Z,2025-12-20T03:18:54.233Z,2026-03-09T03:18:54.233Z,79,moderat,69.03723484037943,16.93857905410424,Area_9,active,Synthetic_Training_Data,4
outbreak_synthetic_5,1005,Nord-Trøndelag Anlegg 5,SRS,Salmon Rickettsial Septicaemia,2022-10-31T03:18:54.233Z,2022-10-31T03:18:54.233Z,2022-12-17T03:18:54.233Z,47,kritisk,65.3454934094811,10.99150075700016,Area_0,resolved,Synthetic_Training_Data,5
outbreak_synthetic_6,1006,Møre Anlegg 6,ISA,Infectious Salmon Anaemia,2016-02-21T03:18:54.233Z,2016-02-21T03:18:54.233Z,2016-03-24T03:18:54.233Z,32,kritisk,61.696060083474975,6.45133387589544,Area_4,resolved,Synthetic_Training_Data,6
outbreak_synthetic_7,1007,Troms Anlegg 7,ISA,Infectious Salmon Anaemia,2016-12-02T03:18:54.233Z,2016-12-02T03:18:54.233Z,2016-12-20T03:18:54.233Z,18,kritisk,68.72727393648884,16.46573609550119,Area_1,resolved,Synthetic_Training_Data,7
outbreak_synthetic_8,1008,Møre Anlegg 8,PD,Pancreatic Disease,2017-09-18T02:18:54.233Z,2017-09-18T02:18:54.233Z,2017-09-23T02:18:54.233Z,5,kritisk,62.63347326586139,6.483348124641039,Area_1,resolved,Synthetic_Training_Data,8
outbreak_synthetic_9,1009,Sogn Anlegg 9,PD,Pancreatic Disease,2019-09-04T02:18:54.233Z,2019-09-04T02:18:54.233Z,2019-12-06T03:18:54.233Z,93,kritisk,60.769407671851056,5.757330101465502,Area_3,resolved,Synthetic_Training_Data,9
outbreak_synthetic_10,1010,Møre Anlegg 10,PD,Pancreatic Disease,2023-05-28T02:18:54.233Z,2023-05-28T02:18:54.233Z,2023-07-26T02:18:54.233Z,59,kritisk,61.90806194119248,5.810021929921648,Area_2,resolved,Synthetic_Training_Data,10
outbreak_synthetic_11,1011,Troms Anlegg 11,SRS,Salmon Rickettsial Septicaemia,2020-04-08T02:18:54.233Z,2020-04-08T02:18:54.233Z,2020-04-27T02:18:54.233Z,19,kritisk,69.01830396361976,16.657157362878234,Area_1,resolved,Synthetic_Training_Data,11
outbreak_synthetic_12,1012,Nord-Trøndelag Anlegg 12,ISA,Infectious Salmon Anaemia,2017-01-05T03:18:54.233Z,2017-01-05T03:18:54.233Z,2017-03-26T02:18:54.233Z,80,kritisk,65.36559503087955,10.522745756352213,Area_4,resolved,Synthetic_Training_Data,12
outbreak_synthetic_13,1013,Hordaland Anlegg 13,PRV,Piscine Reovirus,2019-10-05T02:18:54.233Z,2019-10-05T02:18:54.233Z,2019-12-23T03:18:54.233Z,79,kritisk,60.8390057587285,5.951190283100146,Area_5,resolved,Synthetic_Training_Data,13
outbreak_synthetic_14,1014,Hordaland Anlegg 14,ISA,Infectious Salmon Anaemia,2017-02-04T03:18:54.233Z,2017-02-04T03:18:54.233Z,2017-04-02T02:18:54.233Z,57,kritisk,60.99014988566863,6.209490130898483,Area_9,resolved,Synthetic_Training_Data,14
outbreak_synthetic_15,1015,Møre Anlegg 15,SRS,Salmon Rickettsial Septicaemia,2021-03-07T03:18:54.233Z,2021-03-07T03:18:54.233Z,2021-04-07T02:18:54.233Z,31,kritisk,61.45187811120127,5.620637241596885,Area_9,resolved,Synthetic_Training_Data,15
outbreak_synthetic_16,1016,Nord-Trøndelag Anlegg 16,SRS,Salmon Rickettsial Septicaemia,2017-09-06T02:18:54.233Z,2017-09-06T02:18:54.233Z,2017-11-16T03:18:54.233Z,71,kritisk,65.37368426253195,10.953705930506096,Area_4,resolved,Synthetic_Training_Data,16
outbreak_synthetic_17,1017,Troms Anlegg 17,SRS,Salmon Rickettsial Septicaemia,2019-02-08T03:18:54.233Z,2019-02-08T03:18:54.233Z,2019-03-01T03:18:54.233Z,21,kritisk,68.53180722488179,16.508929375479184,Area_4,resolved,Synthetic_Training_Data,17
outbreak_synthetic_18,1018,Sogn Anlegg 18,SRS,Salmon Rickettsial Septicaemia,2021-02-19T03:18:54.233Z,2021-02-19T03:18:54.233Z,2021-04-14T02:18:54.233Z,54,kritisk,61.025230598510575,6.254169606392187,Area_8,resolved,Synthetic_Training_Data,18
outbreak_synthetic_19,1019,Møre Anlegg 19,PD,Pancreatic Disease,2025-07-02T02:18:54.233Z,2025-07-02T02:18:54.233Z,2025-09-16T02:18:54.233Z,76,kritisk,62.729284117161185,4.52547317658301,Area_7,resolved,Synthetic_Training_Data,19
outbreak_synthetic_20,1020,Møre Anlegg 20,ISA,Infectious Salmon Anaemia,2020-08-21T02:18:54.233Z,2020-08-21T02:18:54.233Z,2020-10-04T02:18:54.233Z,44,kritisk,62.23920402102507,6.295847798348196,Area_6,resolved,Synthetic_Training_Data,20
outbreak_synthetic_21,1021,Møre Anlegg 21,PRV,Piscine Reovirus,2018-01-28T03:18:54.233Z,2018-01-28T03:18:54.233Z,2018-03-23T03:18:54.233Z,54,kritisk,61.47753220913871,6.302377236824366,Area_2,resolved,Synthetic_Training_Data,21
outbreak_synthetic_22,1022,Møre Anlegg 22,SRS,Salmon Rickettsial Septicaemia,2017-09-10T02:18:54.233Z,2017-09-10T02:18:54.233Z,2017-09-16T02:18:54.233Z,6,kritisk,62.59872006414098,5.110206960692937,Area_6,resolved,Synthetic_Training_Data,22
outbreak_synthetic_23,1023,Nord-Trøndelag Anlegg 23,PD,Pancreatic Disease,2019-11-13T03:18:54.233Z,2019-11-13T03:18:54.233Z,2020-01-07T03:18:54.233Z,55,kritisk,65.18813771678875,11.924458294859146,Area_2,resolved,Synthetic_Training_Data,23
outbreak_synthetic_24,1024,Møre Anlegg 24,SRS,Salmon Rickettsial Septicaemia,2020-10-24T02:18:54.233Z,2020-10-24T02:18:54.233Z,2020-11-22T03:18:54.233Z,29,kritisk,62.837919928098884,5.704657913269897,Area_9,resolved,Synthetic_Training_Data,24
outbreak_synthetic_25,1025,Møre Anlegg 25,PRV,Piscine Reovirus,2018-01-09T03:18:54.233Z,2018-01-09T03:18:54.233Z,2018-02-14T03:18:54.233Z,36,kritisk,61.889445782611865,5.488751611681282,Area_1,resolved,Synthetic_Training_Data,25
outbreak_synthetic_26,1026,Hordaland Anlegg 26,SRS,Salmon Rickettsial Septicaemia,2024-03-03T03:18:54.233Z,2024-03-03T03:18:54.233Z,2024-04-25T02:18:54.233Z,53,kritisk,60.58224834366013,6.387153071792789,Area_4,resolved,Synthetic_Training_Data,26
outbreak_synthetic_27,1027,Hordaland Anlegg 27,SRS,Salmon Rickettsial Septicaemia,2020-04-06T02:18:54.233Z,2020-04-06T02:18:54.233Z,2020-06-26T02:18:54.233Z,81,kritisk,60.450539430193025,5.598623352560972,Area_1,resolved,Synthetic_Training_Data,27
outbreak_synthetic_28,1028,Troms Anlegg 28,PRV,Piscine Reovirus,2022-06-12T02:18:54.233Z,2022-06-12T02:18:54.233Z,2022-07-17T02:18:54.233Z,35,kritisk,68.88498555707524,17.216702807390973,Area_0,resolved,Synthetic_Training_Data,28
outbreak_synthetic_29,1029,Hordaland Anlegg 29,SRS,Salmon Rickettsial Septicaemia,2022-03-19T03:18:54.233Z,2022-03-19T03:18:54.233Z,2022-06-16T02:18:54.233Z,89,kritisk,59.034044606546416,4.910696423247282,Area_0,resolved,Synthetic_Training_Data,29
outbreak_synthetic_30,1030,Sogn Anlegg 30,ISA,Infectious Salmon Anaemia,2022-10-26T02:18:54.233Z,2022-10-26T02:18:54.233Z,2023-01-23T03:18:54.233Z,89,kritisk,61.088390384317364,5.03438978478976,Area_4,resolved,Synthetic_Training_Data,30
outbreak_synthetic_31,1031,Nord-Trøndelag Anlegg 31,ISA,Infectious Salmon Anaemia,2025-07-17T02:18:54.233Z,2025-07-17T02:18:54.233Z,2025-10-15T02:18:54.233Z,90,kritisk,64.34671763690409,11.929383692165514,Area_0,resolved,Synthetic_Training_Data,31
outbreak_synthetic_32,1032,Møre Anlegg 32,SRS,Salmon Rickettsial Septicaemia,2020-06-07T02:18:54.233Z,2020-06-07T02:18:54.233Z,2020-09-08T02:18:54.233Z,93,kritisk,61.007303038595786,6.134171496643074,Area_2,resolved,Synthetic_Training_Data,32
outbreak_synthetic_33,1033,Møre Anlegg 33,PD,Pancreatic Disease,2017-10-21T02:18:54.233Z,2017-10-21T02:18:54.233Z,2017-12-21T03:18:54.233Z,61,kritisk,62.23365358029759,6.079846532151699,Area_6,resolved,Synthetic_Training_Data,33
outbreak_synthetic_34,1034,Nord-Trøndelag Anlegg 34,PRV,Piscine Reovirus,2023-05-09T02:18:54.233Z,2023-05-09T02:18:54.233Z,2023-08-07T02:18:54.233Z,90,kritisk,65.20232200831141,11.457602976027337,Area_8,resolved,Synthetic_Training_Data,34
outbreak_synthetic_35,1035,Møre Anlegg 35,SRS,Salmon Rickettsial Septicaemia,2017-08-23T02:18:54.233Z,2017-08-23T02:18:54.233Z,2017-09-15T02:18:54.233Z,23,kritisk,62.330199892116795,6.451873430365286,Area_6,resolved,Synthetic_Training_Data,35
outbreak_synthetic_36,1036,Sogn Anlegg 36,PD,Pancreatic Disease,2022-08-09T02:18:54.233Z,2022-08-09T02:18:54.233Z,2022-09-20T02:18:54.233Z,42,kritisk,60.912411246640296,5.775324198164375,Area_9,resolved,Synthetic_Training_Data,36
outbreak_synthetic_37,1037,Troms Anlegg 37,PRV,Piscine Reovirus,2016-01-20T03:18:54.233Z,2016-01-20T03:18:54.233Z,2016-02-13T03:18:54.233Z,24,kritisk,68.68902717382208,17.940286913306974,Area_0,resolved,Synthetic_Training_Data,37
outbreak_synthetic_38,1038,Hordaland Anlegg 38,PD,Pancreatic Disease,2024-06-26T02:18:54.233Z,2024-06-26T02:18:54.233Z,2024-09-24T02:18:54.233Z,90,kritisk,60.627874145733365,4.557017164423547,Area_1,resolved,Synthetic_Training_Data,38
outbreak_synthetic_39,1039,Møre Anlegg 39,ISA,Infectious Salmon Anaemia,2024-05-17T02:18:54.233Z,2024-05-17T02:18:54.233Z,2024-08-16T02:18:54.233Z,91,kritisk,62.66304683958601,6.477716648570061,Area_5,resolved,Synthetic_Training_Data,39
outbreak_synthetic_40,1040,Møre Anlegg 40,ISA,Infectious Salmon Anaemia,2017-03-02T03:18:54.233Z,2017-03-02T03:18:54.233Z,2017-05-08T02:18:54.233Z,67,kritisk,62.55701686022775,4.908125176094833,Area_0,resolved,Synthetic_Training_Data,40
outbreak_synthetic_41,1041,Møre Anlegg 41,PD,Pancreatic Disease,2018-03-04T03:18:54.233Z,2018-03-04T03:18:54.233Z,2018-03-15T03:18:54.233Z,11,kritisk,61.23120964785262,5.4164506648405375,Area_7,resolved,Synthetic_Training_Data,41
outbreak_synthetic_42,1042,Møre Anlegg 42,ISA,Infectious Salmon Anaemia,2025-06-15T02:18:54.233Z,2025-06-15T02:18:54.233Z,2025-08-15T02:18:54.233Z,61,kritisk,61.115097270886814,6.2002220691674825,Area_8,resolved,Synthetic_Training_Data,42
outbreak_synthetic_43,1043,Troms Anlegg 43,SRS,Salmon Rickettsial Septicaemia,2018-09-25T02:18:54.233Z,2018-09-25T02:18:54.233Z,2018-12-10T03:18:54.233Z,76,kritisk,67.74506320085,16.351963132807327,Area_3,resolved,Synthetic_Training_Data,43
outbreak_synthetic_44,1044,Sogn Anlegg 44,ISA,Infectious Salmon Anaemia,2021-04-02T02:18:54.233Z,2021-04-02T02:18:54.233Z,2021-05-24T02:18:54.233Z,52,kritisk,60.502092351895506,6.9319531919228465,Area_0,resolved,Synthetic_Training_Data,44
outbreak_synthetic_45,1045,Nord-Trøndelag Anlegg 45,SRS,Salmon Rickettsial Septicaemia,2021-06-07T02:18:54.233Z,2021-06-07T02:18:54.233Z,2021-07-26T02:18:54.233Z,49,kritisk,65.08909139889708,10.693201891068885,Area_0,resolved,Synthetic_Training_Data,45
outbreak_synthetic_46,1046,Sogn Anlegg 46,PRV,Piscine Reovirus,2017-10-26T02:18:54.233Z,2017-10-26T02:18:54.233Z,2018-01-17T03:18:54.233Z,83,kritisk,61.65017316406026,5.3399229822617285,Area_9,resolved,Synthetic_Training_Data,46
outbreak_synthetic_47,1047,Møre Anlegg 47,SRS,Salmon Rickettsial Septicaemia,2020-07-14T02:18:54.233Z,2020-07-14T02:18:54.233Z,2020-08-21T02:18:54.233Z,38,kritisk,61.720883907503534,5.7074816335604135,Area_7,resolved,Synthetic_Training_Data,47
outbreak_synthetic_48,1048,Møre Anlegg 48,PD,Pancreatic Disease,2020-11-25T03:18:54.233Z,2020-11-25T03:18:54.233Z,2021-02-20T03:18:54.233Z,87,kritisk,62.958702404818375,5.438011990533001,Area_1,resolved,Synthetic_Training_Data,48
outbreak_synthetic_49,1049,Sogn Anlegg 49,PD,Pancreatic Disease,2022-12-29T03:18:54.233Z,2022-12-29T03:18:54.233Z,2023-02-13T03:18:54.233Z,46,kritisk,61.86478165610326,6.360524147690374,Area_3,resolved,Synthetic_Training_Data,49
outbreak_synthetic_50,1050,Nord-Trøndelag Anlegg 50,ISA,Infectious Salmon Anaemia,2018-06-05T02:18:54.233Z,2018-06-05T02:18:54.233Z,2018-08-07T02:18:54.233Z,63,kritisk,64.10354043125763,11.827614483232349,Area_1,resolved,Synthetic_Training_Data,50
outbreak_synthetic_51,1051,Troms Anlegg 51,SRS,Salmon Rickettsial Septicaemia,2019-12-02T03:18:54.233Z,2019-12-02T03:18:54.233Z,2020-02-26T03:18:54.233Z,86,kritisk,67.83898800317722,16.363451305321313,Area_1,resolved,Synthetic_Training_Data,51
outbreak_synthetic_52,1052,Sogn Anlegg 52,PRV,Piscine Reovirus,2019-03-26T03:18:54.233Z,2019-03-26T03:18:54.233Z,2019-05-18T02:18:54.233Z,53,kritisk,61.75609466018097,6.485814514616749,Area_8,resolved,Synthetic_Training_Data,52
outbreak_synthetic_53,1053,Nord-Trøndelag Anlegg 53,PRV,Piscine Reovirus,2025-10-31T03:18:54.233Z,2025-10-31T03:18:54.233Z,2025-12-21T03:18:54.233Z,51,kritisk,65.0073886197277,11.21079060213677,Area_4,active,Synthetic_Training_Data,53
outbreak_synthetic_54,1054,Sogn Anlegg 54,PD,Pancreatic Disease,2022-02-21T03:18:54.233Z,2022-02-21T03:18:54.233Z,2022-05-24T02:18:54.233Z,92,kritisk,60.294530085983396,5.916450883632131,Area_9,resolved,Synthetic_Training_Data,54
outbreak_synthetic_55,1055,Nord-Trøndelag Anlegg 55,PD,Pancreatic Disease,2020-05-13T02:18:54.233Z,2020-05-13T02:18:54.233Z,2020-05-29T02:18:54.233Z,16,kritisk,64.25167401718782,11.807169352485019,Area_4,resolved,Synthetic_Training_Data,55
outbreak_synthetic_56,1056,Hordaland Anlegg 56,ISA,Infectious Salmon Anaemia,2020-12-30T03:18:54.233Z,2020-12-30T03:18:54.233Z,2021-01-31T03:18:54.233Z,32,kritisk,59.0178464972618,5.44567749094203,Area_5,resolved,Synthetic_Training_Data,56
outbreak_synthetic_57,1057,Møre Anlegg 57,PD,Pancreatic Disease,2016-04-27T02:18:54.233Z,2016-04-27T02:18:54.233Z,2016-06-18T02:18:54.233Z,52,kritisk,62.20453983132414,4.675766556551139,Area_3,resolved,Synthetic_Training_Data,57
outbreak_synthetic_58,1058,Nord-Trøndelag Anlegg 58,SRS,Salmon Rickettsial Septicaemia,2016-09-16T02:18:54.233Z,2016-09-16T02:18:54.233Z,2016-10-23T02:18:54.233Z,37,kritisk,65.80941677631775,10.855716890752454,Area_8,resolved,Synthetic_Training_Data,58
outbreak_synthetic_59,1059,Sogn Anlegg 59,SRS,Salmon Rickettsial Septicaemia,2018-01-02T03:18:54.233Z,2018-01-02T03:18:54.233Z,2018-02-12T03:18:54.233Z,41,kritisk,61.81457012711318,6.918609058231516,Area_5,resolved,Synthetic_Training_Data,59
outbreak_synthetic_60,1060,Møre Anlegg 60,SRS,Salmon Rickettsial Septicaemia,2018-05-10T02:18:54.233Z,2018-05-10T02:18:54.233Z,2018-07-12T02:18:54.233Z,63,kritisk,62.642148721126475,5.55316535997144,Area_2,resolved,Synthetic_Training_Data,60
outbreak_synthetic_61,1061,Hordaland Anlegg 61,ISA,Infectious Salmon Anaemia,2023-03-05T03:18:54.233Z,2023-03-05T03:18:54.233Z,2023-03-27T02:18:54.233Z,22,kritisk,60.569679410491915,5.925893323523747,Area_3,resolved,Synthetic_Training_Data,61
outbreak_synthetic_62,1062,Sogn Anlegg 62,SRS,Salmon Rickettsial Septicaemia,2023-10-15T02:18:54.233Z,2023-10-15T02:18:54.233Z,2024-01-12T03:18:54.233Z,89,kritisk,61.69368883694012,6.438172493465871,Area_2,resolved,Synthetic_Training_Data,62
outbreak_synthetic_63,1063,Møre Anlegg 63,PRV,Piscine Reovirus,2025-02-20T03:18:54.233Z,2025-02-20T03:18:54.233Z,2025-03-25T03:18:54.233Z,33,kritisk,62.86310900549425,6.369439343800826,Area_5,resolved,Synthetic_Training_Data,63
outbreak_synthetic_64,1064,Møre Anlegg 64,PD,Pancreatic Disease,2024-08-14T02:18:54.233Z,2024-08-14T02:18:54.233Z,2024-10-07T02:18:54.233Z,54,kritisk,62.93818842263442,5.535792722687833,Area_4,resolved,Synthetic_Training_Data,64
outbreak_synthetic_65,1065,Sogn Anlegg 65,PRV,Piscine Reovirus,2016-11-09T03:18:54.233Z,2016-11-09T03:18:54.233Z,2016-11-23T03:18:54.233Z,14,kritisk,60.00958588689514,6.037604627693851,Area_9,resolved,Synthetic_Training_Data,65
outbreak_synthetic_66,1066,Sogn Anlegg 66,SRS,Salmon Rickettsial Septicaemia,2021-07-16T02:18:54.233Z,2021-07-16T02:18:54.233Z,2021-09-17T02:18:54.233Z,63,kritisk,60.9377334564808,6.952952670921302,Area_1,resolved,Synthetic_Training_Data,66
outbreak_synthetic_67,1067,Sogn Anlegg 67,ISA,Infectious Salmon Anaemia,2025-03-06T03:18:54.233Z,2025-03-06T03:18:54.233Z,2025-05-11T02:18:54.233Z,66,kritisk,60.52352307034057,6.903432385378646,Area_7,resolved,Synthetic_Training_Data,67
outbreak_synthetic_68,1068,Sogn Anlegg 68,PRV,Piscine Reovirus,2020-07-13T02:18:54.233Z,2020-07-13T02:18:54.233Z,2020-09-12T02:18:54.233Z,61,kritisk,60.28678210343311,6.783508783300933,Area_6,resolved,Synthetic_Training_Data,68
outbreak_synthetic_69,1069,Nord-Trøndelag Anlegg 69,SRS,Salmon Rickettsial Septicaemia,2018-03-18T03:18:54.233Z,2018-03-18T03:18:54.233Z,2018-05-07T02:18:54.233Z,50,kritisk,64.8478216173913,11.407577773369228,Area_3,resolved,Synthetic_Training_Data,69
outbreak_synthetic_70,1070,Sogn Anlegg 70,PD,Pancreatic Disease,2019-10-15T02:18:54.233Z,2019-10-15T02:18:54.233Z,2019-12-24T03:18:54.233Z,70,kritisk,61.80020261064746,5.577894693019581,Area_6,resolved,Synthetic_Training_Data,70
outbreak_synthetic_71,1071,Troms Anlegg 71,ISA,Infectious Salmon Anaemia,2019-12-09T03:18:54.233Z,2019-12-09T03:18:54.233Z,2020-02-21T03:18:54.233Z,74,kritisk,69.06123803823647,17.376167130038972,Area_7,resolved,Synthetic_Training_Data,71
outbreak_synthetic_72,1072,Sogn Anlegg 72,PRV,Piscine Reovirus,2018-09-29T02:18:54.233Z,2018-09-29T02:18:54.233Z,2018-11-01T03:18:54.233Z,33,kritisk,61.96393526639059,5.1629691458023315,Area_6,resolved,Synthetic_Training_Data,72
outbreak_synthetic_73,1073,Hordaland Anlegg 73,SRS,Salmon Rickettsial Septicaemia,2020-05-03T02:18:54.233Z,2020-05-03T02:18:54.233Z,2020-07-03T02:18:54.233Z,61,kritisk,60.776675771512764,6.4486919559791644,Area_7,resolved,Synthetic_Training_Data,73
outbreak_synthetic_74,1074,Sogn Anlegg 74,ISA,Infectious Salmon Anaemia,2016-01-27T03:18:54.233Z,2016-01-27T03:18:54.233Z,2016-03-06T03:18:54.233Z,39,kritisk,60.360422835676516,5.9164310862292115,Area_7,resolved,Synthetic_Training_Data,74
outbreak_synthetic_75,1075,Møre Anlegg 75,ISA,Infectious Salmon Anaemia,2017-07-25T02:18:54.233Z,2017-07-25T02:18:54.233Z,2017-10-16T02:18:54.233Z,83,kritisk,62.84007865119066,4.738416462182674,Area_8,resolved,Synthetic_Training_Data,75
outbreak_synthetic_76,1076,Sogn Anlegg 76,ISA,Infectious Salmon Anaemia,2024-07-28T02:18:54.233Z,2024-07-28T02:18:54.233Z,2024-09-17T02:18:54.233Z,51,kritisk,60.7414001470188,5.928743573959004,Area_8,resolved,Synthetic_Training_Data,76
outbreak_synthetic_77,1077,Nord-Trøndelag Anlegg 77,PRV,Piscine Reovirus,2024-06-26T02:18:54.233Z,2024-06-26T02:18:54.233Z,2024-08-20T02:18:54.233Z,55,kritisk,65.83875330752147,11.186453032437809,Area_3,resolved,Synthetic_Training_Data,77
outbreak_synthetic_78,1078,Sogn Anlegg 78,PRV,Piscine Reovirus,2017-11-30T03:18:54.233Z,2017-11-30T03:18:54.233Z,2018-01-16T03:18:54.233Z,47,kritisk,61.73353638152224,5.416574984816315,Area_7,resolved,Synthetic_Training_Data,78
outbreak_synthetic_79,1079,Nord-Trøndelag Anlegg 79,ISA,Infectious Salmon Anaemia,2018-05-24T02:18:54.233Z,2018-05-24T02:18:54.233Z,2018-06-22T02:18:54.233Z,29,kritisk,65.23972835506164,10.77026095891632,Area_6,resolved,Synthetic_Training_Data,79
outbreak_synthetic_80,1080,Troms Anlegg 80,ISA,Infectious Salmon Anaemia,2020-08-05T02:18:54.233Z,2020-08-05T02:18:54.233Z,2020-10-02T02:18:54.233Z,58,kritisk,68.59029932523386,16.899943741760094,Area_9,resolved,Synthetic_Training_Data,80
outbreak_synthetic_81,1081,Sogn Anlegg 81,PD,Pancreatic Disease,2019-06-04T02:18:54.233Z,2019-06-04T02:18:54.233Z,2019-06-10T02:18:54.233Z,6,kritisk,61.35992823096715,6.43334882823659,Area_8,resolved,Synthetic_Training_Data,81
outbreak_synthetic_82,1082,Nord-Trøndelag Anlegg 82,PRV,Piscine Reovirus,2022-10-26T02:18:54.233Z,2022-10-26T02:18:54.233Z,2023-01-11T03:18:54.233Z,77,kritisk,65.14723517125125,12.166821580258617,Area_6,resolved,Synthetic_Training_Data,82
outbreak_synthetic_83,1083,Nord-Trøndelag Anlegg 83,SRS,Salmon Rickettsial Septicaemia,2023-10-04T02:18:54.233Z,2023-10-04T02:18:54.233Z,2023-12-20T03:18:54.233Z,77,kritisk,64.48148726615086,11.966811566962443,Area_2,resolved,Synthetic_Training_Data,83
outbreak_synthetic_84,1084,Troms Anlegg 84,PD,Pancreatic Disease,2018-12-16T03:18:54.233Z,2018-12-16T03:18:54.233Z,2019-03-19T03:18:54.233Z,93,kritisk,68.66869322853505,17.685608636294244,Area_3,resolved,Synthetic_Training_Data,84
outbreak_synthetic_85,1085,Møre Anlegg 85,ISA,Infectious Salmon Anaemia,2023-06-20T02:18:54.233Z,2023-06-20T02:18:54.233Z,2023-09-06T02:18:54.233Z,78,kritisk,62.513085628245605,5.213134360984127,Area_6,resolved,Synthetic_Training_Data,85
outbreak_synthetic_86,1086,Hordaland Anlegg 86,PD,Pancreatic Disease,2019-12-11T03:18:54.233Z,2019-12-11T03:18:54.233Z,2020-02-07T03:18:54.233Z,58,kritisk,60.98017219480691,5.633673172429472,Area_0,resolved,Synthetic_Training_Data,86
outbreak_synthetic_87,1087,Sogn Anlegg 87,PD,Pancreatic Disease,2019-08-02T02:18:54.233Z,2019-08-02T02:18:54.233Z,2019-08-18T02:18:54.233Z,16,kritisk,61.97011720539756,5.166774553288711,Area_4,resolved,Synthetic_Training_Data,87
outbreak_synthetic_88,1088,Hordaland Anlegg 88,PRV,Piscine Reovirus,2020-07-03T02:18:54.233Z,2020-07-03T02:18:54.233Z,2020-08-14T02:18:54.233Z,42,kritisk,60.47745501083501,6.0428216532208285,Area_9,resolved,Synthetic_Training_Data,88
outbreak_synthetic_89,1089,Nord-Trøndelag Anlegg 89,ISA,Infectious Salmon Anaemia,2023-09-06T02:18:54.233Z,2023-09-06T02:18:54.233Z,2023-11-03T03:18:54.233Z,58,kritisk,64.86369930534264,11.394114309198587,Area_9,resolved,Synthetic_Training_Data,89
outbreak_synthetic_90,1090,Troms Anlegg 90,ISA,Infectious Salmon Anaemia,2024-10-18T02:18:54.233Z,2024-10-18T02:18:54.233Z,2024-11-27T03:18:54.233Z,40,kritisk,68.80196544825372,16.230176442349638,Area_3,resolved,Synthetic_Training_Data,90
outbreak_synthetic_91,1091,Hordaland Anlegg 91,PRV,Piscine Reovirus,2025-07-19T02:18:54.233Z,2025-07-19T02:18:54.233Z,2025-10-17T02:18:54.233Z,90,kritisk,60.70434088898895,5.7964865969425805,Area_6,resolved,Synthetic_Training_Data,91
outbreak_synthetic_92,1092,Hordaland Anlegg 92,PRV,Piscine Reovirus,2018-03-11T03:18:54.233Z,2018-03-11T03:18:54.233Z,2018-06-04T02:18:54.233Z,85,kritisk,59.18652226175353,6.259395239816135,Area_2,resolved,Synthetic_Training_Data,92
outbreak_synthetic_93,1093,Nord-Trøndelag Anlegg 93,SRS,Salmon Rickettsial Septicaemia,2025-12-18T03:18:54.233Z,2025-12-18T03:18:54.233Z,2026-02-23T03:18:54.233Z,67,moderat,65.49781808843235,12.276173230060074,Area_2,active,Synthetic_Training_Data,93
outbreak_synthetic_94,1094,Nord-Trøndelag Anlegg 94,PRV,Piscine Reovirus,2019-06-02T02:18:54.233Z,2019-06-02T02:18:54.233Z,2019-06-30T02:18:54.233Z,28,kritisk,64.71795982515563,10.954516977992078,Area_4,resolved,Synthetic_Training_Data,94
outbreak_synthetic_95,1095,Sogn Anlegg 95,ISA,Infectious Salmon Anaemia,2021-01-21T03:18:54.233Z,2021-01-21T03:18:54.233Z,2021-03-22T03:18:54.233Z,60,kritisk,61.77842643416612,6.251662612871224,Area_4,resolved,Synthetic_Training_Data,95
outbreak_synthetic_96,1096,Troms Anlegg 96,PD,Pancreatic Disease,2018-12-15T03:18:54.233Z,2018-12-15T03:18:54.233Z,2018-12-29T03:18:54.233Z,14,kritisk,68.00555690818321,16.421309486175637,Area_3,resolved,Synthetic_Training_Data,96
outbreak_synthetic_97,1097,Nord-Trøndelag Anlegg 97,SRS,Salmon Rickettsial Septicaemia,2021-11-02T03:18:54.233Z,2021-11-02T03:18:54.233Z,2021-12-25T03:18:54.233Z,53,kritisk,64.26663440758017,11.24892290310561,Area_9,resolved,Synthetic_Training_Data,97
outbreak_synthetic_98,1098,Troms Anlegg 98,SRS,Salmon Rickettsial Septicaemia,2018-08-26T02:18:54.233Z,2018-08-26T02:18:54.233Z,2018-10-04T02:18:54.233Z,39,kritisk,69.43635758545386,17.521046501769774,Area_5,resolved,Synthetic_Training_Data,98
outbreak_synthetic_99,1099,Sogn Anlegg 99,ISA,Infectious Salmon Anaemia,2018-03-19T03:18:54.233Z,2018-03-19T03:18:54.233Z,2018-05-02T02:18:54.233Z,44,kritisk,60.11063159861854,5.567732801150271,Area_2,resolved,Synthetic_Training_Data,99
outbreak_synthetic_100,1100,Hordaland Anlegg 100,ISA,Infectious Salmon Anaemia,2023-07-10T02:18:54.233Z,2023-07-10T02:18:54.233Z,2023-09-06T02:18:54.233Z,58,kritisk,60.29841853354776,4.660902303007021,Area_1,resolved,Synthetic_Training_Data,100
outbreak_synthetic_101,1101,Troms Anlegg 101,PRV,Piscine Reovirus,2016-09-29T02:18:54.233Z,2016-09-29T02:18:54.233Z,2016-10-29T02:18:54.233Z,30,kritisk,69.4474674042235,16.393524160113557,Area_3,resolved,Synthetic_Training_Data,101
outbreak_synthetic_102,1102,Sogn Anlegg 102,ISA,Infectious Salmon Anaemia,2017-11-14T03:18:54.233Z,2017-11-14T03:18:54.233Z,2018-02-07T03:18:54.233Z,85,kritisk,61.53706314974786,6.451687029565767,Area_3,resolved,Synthetic_Training_Data,102
outbreak_synthetic_103,1103,Troms Anlegg 103,SRS,Salmon Rickettsial Septicaemia,2022-11-29T03:18:54.233Z,2022-11-29T03:18:54.233Z,2023-02-07T03:18:54.233Z,70,kritisk,68.5349760331482,17.301965580789858,Area_1,resolved,Synthetic_Training_Data,103
outbreak_synthetic_104,1104,Nord-Trøndelag Anlegg 104,ISA,Infectious Salmon Anaemia,2021-05-14T02:18:54.233Z,2021-05-14T02:18:54.233Z,2021-06-18T02:18:54.233Z,35,kritisk,65.5109369612606,11.07448806778183,Area_9,resolved,Synthetic_Training_Data,104
outbreak_synthetic_105,1105,Sogn Anlegg 105,PRV,Piscine Reovirus,2017-04-22T02:18:54.233Z,2017-04-22T02:18:54.233Z,2017-07-22T02:18:54.233Z,91,kritisk,60.5956247289687,6.314965052001208,Area_7,resolved,Synthetic_Training_Data,105
outbreak_synthetic_106,1106,Troms Anlegg 106,ISA,Infectious Salmon Anaemia,2023-11-07T03:18:54.233Z,2023-11-07T03:18:54.233Z,2023-12-10T03:18:54.233Z,33,kritisk,68.87368884301823,17.461284916082114,Area_9,resolved,Synthetic_Training_Data,106
outbreak_synthetic_107,1107,Nord-Trøndelag Anlegg 107,PRV,Piscine Reovirus,2017-01-15T03:18:54.233Z,2017-01-15T03:18:54.233Z,2017-02-03T03:18:54.233Z,19,kritisk,64.44828308294191,10.808607386205656,Area_7,resolved,Synthetic_Training_Data,107
outbreak_synthetic_108,1108,Møre Anlegg 108,SRS,Salmon Rickettsial Septicaemia,2017-01-08T03:18:54.233Z,2017-01-08T03:18:54.233Z,2017-02-13T03:18:54.233Z,36,kritisk,62.18674077253329,5.669778315008217,Area_2,resolved,Synthetic_Training_Data,108
outbreak_synthetic_109,1109,Sogn Anlegg 109,PD,Pancreatic Disease,2016-03-23T03:18:54.233Z,2016-03-23T03:18:54.233Z,2016-04-23T02:18:54.233Z,31,kritisk,61.00231009186986,5.269885722534319,Area_1,resolved,Synthetic_Training_Data,109
outbreak_synthetic_110,1110,Hordaland Anlegg 110,ISA,Infectious Salmon Anaemia,2018-06-27T02:18:54.233Z,2018-06-27T02:18:54.233Z,2018-08-19T02:18:54.233Z,53,kritisk,60.8077734430335,4.835273564812291,Area_6,resolved,Synthetic_Training_Data,110
outbreak_synthetic_111,1111,Møre Anlegg 111,SRS,Salmon Rickettsial Septicaemia,2021-09-14T02:18:54.233Z,2021-09-14T02:18:54.233Z,2021-11-24T03:18:54.233Z,71,kritisk,62.08405129131669,5.442523722302955,Area_0,resolved,Synthetic_Training_Data,111
outbreak_synthetic_112,1112,Troms Anlegg 112,ISA,Infectious Salmon Anaemia,2017-11-28T03:18:54.233Z,2017-11-28T03:18:54.233Z,2017-12-22T03:18:54.233Z,24,kritisk,68.23985844731978,17.73844190443581,Area_8,resolved,Synthetic_Training_Data,112
outbreak_synthetic_113,1113,Hordaland Anlegg 113,ISA,Infectious Salmon Anaemia,2020-07-21T02:18:54.233Z,2020-07-21T02:18:54.233Z,2020-09-27T02:18:54.233Z,68,kritisk,59.96741579069581,5.8663788615072265,Area_4,resolved,Synthetic_Training_Data,113
outbreak_synthetic_114,1114,Møre Anlegg 114,SRS,Salmon Rickettsial Septicaemia,2018-11-02T03:18:54.233Z,2018-11-02T03:18:54.233Z,2018-12-28T03:18:54.233Z,56,kritisk,61.69760639146564,5.957920578104258,Area_6,resolved,Synthetic_Training_Data,114
outbreak_synthetic_115,1115,Troms Anlegg 115,SRS,Salmon Rickettsial Septicaemia,2025-09-15T02:18:54.233Z,2025-09-15T02:18:54.233Z,2025-09-26T02:18:54.233Z,11,kritisk,68.57003840747863,17.60624515740704,Area_4,resolved,Synthetic_Training_Data,115
outbreak_synthetic_116,1116,Troms Anlegg 116,ISA,Infectious Salmon Anaemia,2019-06-14T02:18:54.233Z,2019-06-14T02:18:54.233Z,2019-09-13T02:18:54.233Z,91,kritisk,67.5748878637688,17.172018946713873,Area_3,resolved,Synthetic_Training_Data,116
outbreak_synthetic_117,1117,Hordaland Anlegg 117,PD,Pancreatic Disease,2025-12-17T03:18:54.233Z,2025-12-17T03:18:54.233Z,2026-03-13T03:18:54.233Z,86,moderat,59.68393459633534,5.430493032880216,Area_9,active,Synthetic_Training_Data,117
outbreak_synthetic_118,1118,Sogn Anlegg 118,ISA,Infectious Salmon Anaemia,2022-01-31T03:18:54.233Z,2022-01-31T03:18:54.233Z,2022-03-01T03:18:54.233Z,29,kritisk,60.40868681057032,6.2420635241174605,Area_0,resolved,Synthetic_Training_Data,118
outbreak_synthetic_119,1119,Nord-Trøndelag Anlegg 119,SRS,Salmon Rickettsial Septicaemia,2021-02-16T03:18:54.233Z,2021-02-16T03:18:54.233Z,2021-02-22T03:18:54.233Z,6,kritisk,64.664993647917,11.729096852467162,Area_3,resolved,Synthetic_Training_Data,119
outbreak_synthetic_120,1120,Møre Anlegg 120,ISA,Infectious Salmon Anaemia,2025-11-08T03:18:54.233Z,2025-11-08T03:18:54.233Z,2025-12-17T03:18:54.233Z,39,kritisk,62.84088447875519,5.178700993587735,Area_4,active,Synthetic_Training_Data,120
outbreak_synthetic_121,1121,Nord-Trøndelag Anlegg 121,PD,Pancreatic Disease,2022-02-06T03:18:54.233Z,2022-02-06T03:18:54.233Z,2022-04-02T02:18:54.233Z,55,kritisk,64.89014031129214,10.9526251199216,Area_0,resolved,Synthetic_Training_Data,121
outbreak_synthetic_122,1122,Troms Anlegg 122,PD,Pancreatic Disease,2017-08-23T02:18:54.233Z,2017-08-23T02:18:54.233Z,2017-09-25T02:18:54.233Z,33,kritisk,68.18472675459505,17.041329357911128,Area_5,resolved,Synthetic_Training_Data,122
outbreak_synthetic_123,1123,Troms Anlegg 123,PD,Pancreatic Disease,2021-08-14T02:18:54.233Z,2021-08-14T02:18:54.233Z,2021-11-05T03:18:54.233Z,83,kritisk,68.35231193664974,16.615237092730066,Area_0,resolved,Synthetic_Training_Data,123
outbreak_synthetic_124,1124,Troms Anlegg 124,PRV,Piscine Reovirus,2017-02-17T03:18:54.233Z,2017-02-17T03:18:54.233Z,2017-03-04T03:18:54.233Z,15,kritisk,69.46940996675227,17.91631065018504,Area_6,resolved,Synthetic_Training_Data,124
outbreak_synthetic_125,1125,Møre Anlegg 125,PD,Pancreatic Disease,2020-05-28T02:18:54.233Z,2020-05-28T02:18:54.233Z,2020-07-09T02:18:54.233Z,42,kritisk,62.174662393779826,5.874581043826072,Area_0,resolved,Synthetic_Training_Data,125
outbreak_synthetic_126,1126,Nord-Trøndelag Anlegg 126,PRV,Piscine Reovirus,2018-08-03T02:18:54.233Z,2018-08-03T02:18:54.233Z,2018-10-29T03:18:54.233Z,87,kritisk,65.92716582094629,11.530563434737505,Area_6,resolved,Synthetic_Training_Data,126
outbreak_synthetic_127,1127,Nord-Trøndelag Anlegg 127,SRS,Salmon Rickettsial Septicaemia,2019-05-02T02:18:54.233Z,2019-05-02T02:18:54.233Z,2019-05-08T02:18:54.233Z,6,kritisk,64.48088310876177,12.067924255559673,Area_1,resolved,Synthetic_Training_Data,127
outbreak_synthetic_128,1128,Sogn Anlegg 128,PD,Pancreatic Disease,2018-06-17T02:18:54.233Z,2018-06-17T02:18:54.233Z,2018-08-01T02:18:54.233Z,45,kritisk,60.32940981126742,6.1616826363437385,Area_8,resolved,Synthetic_Training_Data,128
outbreak_synthetic_129,1129,Troms Anlegg 129,SRS,Salmon Rickettsial Septicaemia,2023-01-19T03:18:54.233Z,2023-01-19T03:18:54.233Z,2023-03-09T03:18:54.233Z,49,kritisk,69.32135331067572,16.84061306893963,Area_7,resolved,Synthetic_Training_Data,129
outbreak_synthetic_130,1130,Hordaland Anlegg 130,SRS,Salmon Rickettsial Septicaemia,2021-12-31T03:18:54.233Z,2021-12-31T03:18:54.233Z,2022-03-17T03:18:54.233Z,76,kritisk,60.71871820474916,5.481574106918762,Area_5,resolved,Synthetic_Training_Data,130
outbreak_synthetic_131,1131,Hordaland Anlegg 131,ISA,Infectious Salmon Anaemia,2025-01-09T03:18:54.233Z,2025-01-09T03:18:54.233Z,2025-03-19T03:18:54.233Z,69,kritisk,60.970403269662285,4.869746040400633,Area_3,resolved,Synthetic_Training_Data,131
outbreak_synthetic_132,1132,Hordaland Anlegg 132,SRS,Salmon Rickettsial Septicaemia,2025-03-09T03:18:54.233Z,2025-03-09T03:18:54.233Z,2025-05-17T02:18:54.233Z,69,kritisk,59.733824779538864,6.487832832114064,Area_0,resolved,Synthetic_Training_Data,132
outbreak_synthetic_133,1133,Troms Anlegg 133,PRV,Piscine Reovirus,2023-11-22T03:18:54.233Z,2023-11-22T03:18:54.233Z,2024-02-22T03:18:54.233Z,92,kritisk,69.05683979170857,16.41869682867095,Area_8,resolved,Synthetic_Training_Data,133
outbreak_synthetic_134,1134,Sogn Anlegg 134,PD,Pancreatic Disease,2016-06-25T02:18:54.233Z,2016-06-25T02:18:54.233Z,2016-07-15T02:18:54.233Z,20,kritisk,60.35445424087712,5.880449997693952,Area_0,resolved,Synthetic_Training_Data,134
outbreak_synthetic_135,1135,Nord-Trøndelag Anlegg 135,ISA,Infectious Salmon Anaemia,2024-01-31T03:18:54.233Z,2024-01-31T03:18:54.233Z,2024-04-12T02:18:54.233Z,72,kritisk,65.6324746292829,12.167658358186475,Area_7,resolved,Synthetic_Training_Data,135
outbreak_synthetic_136,1136,Hordaland Anlegg 136,PD,Pancreatic Disease,2021-01-25T03:18:54.233Z,2021-01-25T03:18:54.233Z,2021-04-03T02:18:54.233Z,68,kritisk,60.710480665571716,5.3133632581560635,Area_7,resolved,Synthetic_Training_Data,136
outbreak_synthetic_137,1137,Troms Anlegg 137,PD,Pancreatic Disease,2016-03-18T03:18:54.233Z,2016-03-18T03:18:54.233Z,2016-05-08T02:18:54.233Z,51,kritisk,69.49512645102715,16.41545667986182,Area_4,resolved,Synthetic_Training_Data,137
outbreak_synthetic_138,1138,Troms Anlegg 138,ISA,Infectious Salmon Anaemia,2024-01-25T03:18:54.233Z,2024-01-25T03:18:54.233Z,2024-02-20T03:18:54.233Z,26,kritisk,68.2189207552275,16.96970474316953,Area_8,resolved,Synthetic_Training_Data,138
outbreak_synthetic_139,1139,Nord-Trøndelag Anlegg 139,SRS,Salmon Rickettsial Septicaemia,2025-10-09T02:18:54.233Z,2025-10-09T02:18:54.233Z,2026-01-07T03:18:54.233Z,90,kritisk,65.70185235501383,12.17411927760276,Area_9,resolved,Synthetic_Training_Data,139
outbreak_synthetic_140,1140,Troms Anlegg 140,PRV,Piscine Reovirus,2018-01-03T03:18:54.233Z,2018-01-03T03:18:54.233Z,2018-02-19T03:18:54.233Z,47,kritisk,67.6210031190636,17.14643406640611,Area_3,resolved,Synthetic_Training_Data,140
outbreak_synthetic_141,1141,Troms Anlegg 141,SRS,Salmon Rickettsial Septicaemia,2021-05-18T02:18:54.233Z,2021-05-18T02:18:54.233Z,2021-08-20T02:18:54.233Z,94,kritisk,67.72061132383084,16.581725697726597,Area_9,resolved,Synthetic_Training_Data,141
outbreak_synthetic_142,1142,Sogn Anlegg 142,PRV,Piscine Reovirus,2024-09-23T02:18:54.233Z,2024-09-23T02:18:54.233Z,2024-11-12T03:18:54.233Z,50,kritisk,60.53234514515492,5.162448873772619,Area_8,resolved,Synthetic_Training_Data,142
outbreak_synthetic_143,1143,Møre Anlegg 143,PRV,Piscine Reovirus,2020-12-15T03:18:54.233Z,2020-12-15T03:18:54.233Z,2020-12-26T03:18:54.233Z,11,kritisk,61.51643183845621,4.7508455757653465,Area_0,resolved,Synthetic_Training_Data,143
outbreak_synthetic_144,1144,Troms Anlegg 144,ISA,Infectious Salmon Anaemia,2018-01-18T03:18:54.233Z,2018-01-18T03:18:54.233Z,2018-01-30T03:18:54.233Z,12,kritisk,67.97863918093906,16.57228739173774,Area_8,resolved,Synthetic_Training_Data,144
outbreak_synthetic_145,1145,Troms Anlegg 145,ISA,Infectious Salmon Anaemia,2017-01-04T03:18:54.233Z,2017-01-04T03:18:54.233Z,2017-04-02T02:18:54.233Z,88,kritisk,67.76302182483772,16.226606939172594,Area_3,resolved,Synthetic_Training_Data,145
outbreak_synthetic_146,1146,Nord-Trøndelag Anlegg 146,PRV,Piscine Reovirus,2018-11-05T03:18:54.233Z,2018-11-05T03:18:54.233Z,2018-12-18T03:18:54.233Z,43,kritisk,65.6450284479951,11.95797333352912,Area_4,resolved,Synthetic_Training_Data,146
outbreak_synthetic_147,1147,Hordaland Anlegg 147,PRV,Piscine Reovirus,2017-12-07T03:18:54.233Z,2017-12-07T03:18:54.233Z,2018-01-20T03:18:54.233Z,44,kritisk,59.672551792077584,5.9100548127587444,Area_6,resolved,Synthetic_Training_Data,147
outbreak_synthetic_148,1148,Nord-Trøndelag Anlegg 148,SRS,Salmon Rickettsial Septicaemia,2017-02-12T03:18:54.233Z,2017-02-12T03:18:54.233Z,2017-05-04T02:18:54.233Z,81,kritisk,65.72594147831978,10.859113195659884,Area_0,resolved,Synthetic_Training_Data,148
outbreak_synthetic_149,1149,Hordaland Anlegg 149,PRV,Piscine Reovirus,2020-09-12T02:18:54.233Z,2020-09-12T02:18:54.233Z,2020-11-03T03:18:54.233Z,52,kritisk,60.61404184758289,5.362917373268134,Area_5,resolved,Synthetic_Training_Data,149
