vesselId,outbreakId,facilityNo,facilityName,timestamp,latitude,longitude,distanceToFacility,daysBeforeOutbreak,daysIntoOutbreak,diseasePresent,diseaseSeverity
vessel_1000_0,outbreak_synthetic_0,1000,Nord-Trøndelag Anlegg 0,Tue Dec 27 2022 04:43:41 GMT+0100 (sentraleuropeisk normaltid),65.9550342582164,11.989770576692422,4.262059580489419,-28,82,PD,kritisk
vessel_1000_1,outbreak_synthetic_0,1000,Nord-Trøndelag Anlegg 0,Mon Jan 09 2023 18:48:57 GMT+0100 (sentraleuropeisk normaltid),65.99302891651084,11.987278024004484,14.171922279742589,-22,79,PD,kritisk
vessel_1001_0,outbreak_synthetic_1,1001,Troms Anlegg 1,Thu May 25 2023 03:57:44 GMT+0200 (sentraleuropeisk sommertid),68.41459023445768,17.843398653112423,0.6902054238313804,4,33,PRV,kritisk
vessel_1002_0,outbreak_synthetic_2,1002,Hordaland Anlegg 2,Tue Aug 29 2017 04:20:21 GMT+0200 (sentraleuropeisk sommertid),60.354682712374235,5.545554618043926,2.642410756906677,26,13,SRS,kritisk
vessel_1002_1,outbreak_synthetic_2,1002,Hordaland Anlegg 2,Tue Sep 05 2017 03:04:05 GMT+0200 (sentraleuropeisk sommertid),60.279511924776074,5.6161642663170435,4.986959426360227,-22,2,SRS,kritisk
vessel_1002_2,outbreak_synthetic_2,1002,Hordaland Anlegg 2,Mon Sep 11 2017 10:27:12 GMT+0200 (sentraleuropeisk sommertid),60.34924618051061,5.550345246614672,48.501813777647826,-29,13,SRS,kritisk
vessel_1003_0,outbreak_synthetic_3,1003,Hordaland Anlegg 3,Wed Apr 26 2017 03:55:06 GMT+0200 (sentraleuropeisk sommertid),60.09894902412483,5.477042983760167,15.851597518603866,18,2,SRS,kritisk
vessel_1004_0,outbreak_synthetic_4,1004,Troms Anlegg 4,Mon Dec 29 2025 12:25:46 GMT+0100 (sentraleuropeisk normaltid),69.07181004560384,16.934972575980428,35.03682085178096,21,27,PRV,moderat
vessel_1004_1,outbreak_synthetic_4,1004,Troms Anlegg 4,Sun Jan 11 2026 09:21:06 GMT+0100 (sentraleuropeisk normaltid),69.06535546366135,16.91166170060237,20.375630741961558,19,20,PRV,moderat
vessel_1004_2,outbreak_synthetic_4,1004,Troms Anlegg 4,Sun Dec 28 2025 11:15:12 GMT+0100 (sentraleuropeisk normaltid),69.03987575370854,16.955500803410597,0.15627251411111653,0,29,PRV,moderat
vessel_1004_3,outbreak_synthetic_4,1004,Troms Anlegg 4,Wed Jan 21 2026 07:22:12 GMT+0100 (sentraleuropeisk normaltid),69.05659084943731,16.988213715188447,4.491980941580559,8,58,PRV,moderat
vessel_1005_0,outbreak_synthetic_5,1005,Nord-Trøndelag Anlegg 5,Wed Dec 07 2022 04:43:47 GMT+0100 (sentraleuropeisk normaltid),65.31254566379741,10.974674040511859,28.83375242635486,26,31,SRS,kritisk
vessel_1006_0,outbreak_synthetic_6,1006,Møre Anlegg 6,Wed Feb 24 2016 12:06:30 GMT+0100 (sentraleuropeisk normaltid),61.74545410364565,6.430756572562513,5.335621127001372,26,3,ISA,kritisk
vessel_1006_1,outbreak_synthetic_6,1006,Møre Anlegg 6,Tue Mar 01 2016 18:19:14 GMT+0100 (sentraleuropeisk normaltid),61.70768353519562,6.421626454653858,11.628827958434718,-17,27,ISA,kritisk
vessel_1007_0,outbreak_synthetic_7,1007,Troms Anlegg 7,Mon Dec 05 2016 04:04:17 GMT+0100 (sentraleuropeisk normaltid),68.72924016794416,16.49272529819638,29.099224994205613,24,1,ISA,kritisk
vessel_1007_1,outbreak_synthetic_7,1007,Troms Anlegg 7,Mon Dec 05 2016 17:50:34 GMT+0100 (sentraleuropeisk normaltid),68.67815744617234,16.493853751794013,43.082118620515566,-27,5,ISA,kritisk
vessel_1007_2,outbreak_synthetic_7,1007,Troms Anlegg 7,Sat Dec 03 2016 12:28:53 GMT+0100 (sentraleuropeisk normaltid),68.70224959990078,16.450164959700004,47.6219569333348,18,2,ISA,kritisk
vessel_1007_3,outbreak_synthetic_7,1007,Troms Anlegg 7,Fri Dec 02 2016 23:04:32 GMT+0100 (sentraleuropeisk normaltid),68.74469140983125,16.480217044070667,8.932394633240548,-5,0,ISA,kritisk
vessel_1007_4,outbreak_synthetic_7,1007,Troms Anlegg 7,Thu Dec 08 2016 07:04:14 GMT+0100 (sentraleuropeisk normaltid),68.67823845071942,16.494592273004173,1.4831828942397873,8,13,ISA,kritisk
vessel_1008_0,outbreak_synthetic_8,1008,Møre Anlegg 8,Thu Sep 21 2017 10:30:28 GMT+0200 (sentraleuropeisk sommertid),62.660033250540934,6.481401784056367,44.63781929679026,-15,3,PD,kritisk
vessel_1008_1,outbreak_synthetic_8,1008,Møre Anlegg 8,Mon Sep 18 2017 12:32:03 GMT+0200 (sentraleuropeisk sommertid),62.59121325907259,6.487567221939825,42.636175530892594,6,0,PD,kritisk
vessel_1008_2,outbreak_synthetic_8,1008,Møre Anlegg 8,Fri Sep 22 2017 03:58:06 GMT+0200 (sentraleuropeisk sommertid),62.67945697541172,6.503958356429973,9.980162662207864,-10,4,PD,kritisk
vessel_1008_3,outbreak_synthetic_8,1008,Møre Anlegg 8,Wed Sep 20 2017 23:19:27 GMT+0200 (sentraleuropeisk sommertid),62.62264993376116,6.485855375249085,7.950578876397535,28,0,PD,kritisk
vessel_1009_0,outbreak_synthetic_9,1009,Sogn Anlegg 9,Wed Nov 06 2019 13:33:18 GMT+0100 (sentraleuropeisk normaltid),60.78046013009039,5.750463841436053,6.4567138246271085,19,28,PD,kritisk
vessel_1009_1,outbreak_synthetic_9,1009,Sogn Anlegg 9,Tue Nov 19 2019 12:14:57 GMT+0100 (sentraleuropeisk normaltid),60.79036734910781,5.763867216630248,47.64466189997973,-4,19,PD,kritisk
vessel_1010_0,outbreak_synthetic_10,1010,Møre Anlegg 10,Wed Jul 19 2023 09:44:03 GMT+0200 (sentraleuropeisk sommertid),61.9256556573049,5.81142990842127,27.759013341057127,16,40,PD,kritisk
vessel_1010_1,outbreak_synthetic_10,1010,Møre Anlegg 10,Sun May 28 2023 18:29:37 GMT+0200 (sentraleuropeisk sommertid),61.87619904584306,5.774795847546978,48.83545007814586,-22,26,PD,kritisk
vessel_1010_2,outbreak_synthetic_10,1010,Møre Anlegg 10,Sun May 28 2023 21:01:02 GMT+0200 (sentraleuropeisk sommertid),61.94655360253288,5.843119044578295,49.33326120130344,-29,42,PD,kritisk
vessel_1010_3,outbreak_synthetic_10,1010,Møre Anlegg 10,Fri Jun 23 2023 06:00:28 GMT+0200 (sentraleuropeisk sommertid),61.901466981140324,5.804278419612204,47.55456999816569,-21,50,PD,kritisk
vessel_1011_0,outbreak_synthetic_11,1011,Troms Anlegg 11,Fri Apr 10 2020 14:59:46 GMT+0200 (sentraleuropeisk sommertid),69.00376800242906,16.707043440779245,24.668317176287623,16,11,SRS,kritisk
vessel_1011_1,outbreak_synthetic_11,1011,Troms Anlegg 11,Sat Apr 18 2020 16:52:00 GMT+0200 (sentraleuropeisk sommertid),69.03844635953598,16.702250491576038,47.70807448398527,-15,2,SRS,kritisk
vessel_1012_0,outbreak_synthetic_12,1012,Nord-Trøndelag Anlegg 12,Mon Feb 06 2017 10:19:30 GMT+0100 (sentraleuropeisk normaltid),65.3735814369857,10.542968602070511,25.122253016607708,-24,39,ISA,kritisk
vessel_1012_1,outbreak_synthetic_12,1012,Nord-Trøndelag Anlegg 12,Wed Jan 25 2017 06:32:48 GMT+0100 (sentraleuropeisk normaltid),65.38894427456006,10.523352561164632,9.219223760764383,-13,52,ISA,kritisk
vessel_1012_2,outbreak_synthetic_12,1012,Nord-Trøndelag Anlegg 12,Thu Feb 09 2017 01:09:24 GMT+0100 (sentraleuropeisk normaltid),65.34354105669897,10.53864009188843,19.434300361415314,-26,63,ISA,kritisk
vessel_1012_3,outbreak_synthetic_12,1012,Nord-Trøndelag Anlegg 12,Sun Jan 29 2017 08:53:38 GMT+0100 (sentraleuropeisk normaltid),65.40456363438707,10.526114994117316,41.104410427765146,21,51,ISA,kritisk
vessel_1013_0,outbreak_synthetic_13,1013,Hordaland Anlegg 13,Sun Oct 06 2019 18:36:02 GMT+0200 (sentraleuropeisk sommertid),60.83147847092232,5.961528410149923,46.854931701825194,-6,48,PRV,kritisk
vessel_1013_1,outbreak_synthetic_13,1013,Hordaland Anlegg 13,Fri Dec 20 2019 17:18:18 GMT+0100 (sentraleuropeisk normaltid),60.850977255357556,5.990329965276611,47.908965122425215,-3,74,PRV,kritisk
vessel_1014_0,outbreak_synthetic_14,1014,Hordaland Anlegg 14,Fri Mar 17 2017 00:15:00 GMT+0100 (sentraleuropeisk normaltid),60.960540224100185,6.1797326751800785,45.993637587332735,26,14,ISA,kritisk
vessel_1015_0,outbreak_synthetic_15,1015,Møre Anlegg 15,Sat Mar 27 2021 23:28:23 GMT+0100 (sentraleuropeisk normaltid),61.487596632219216,5.655452668218253,17.549987778671145,25,11,SRS,kritisk
vessel_1015_1,outbreak_synthetic_15,1015,Møre Anlegg 15,Thu Apr 01 2021 15:44:55 GMT+0200 (sentraleuropeisk sommertid),61.47158177367484,5.581828806233215,48.88268310038883,-22,21,SRS,kritisk
vessel_1015_2,outbreak_synthetic_15,1015,Møre Anlegg 15,Thu Mar 11 2021 03:54:34 GMT+0100 (sentraleuropeisk normaltid),61.45941985115961,5.63807554746569,23.741443604074213,-18,20,SRS,kritisk
vessel_1015_3,outbreak_synthetic_15,1015,Møre Anlegg 15,Wed Mar 10 2021 18:10:22 GMT+0100 (sentraleuropeisk normaltid),61.42052612280797,5.583644978706067,20.217933726042737,9,29,SRS,kritisk
vessel_1016_0,outbreak_synthetic_16,1016,Nord-Trøndelag Anlegg 16,Sun Oct 29 2017 13:29:57 GMT+0100 (sentraleuropeisk normaltid),65.3324071521392,10.961414507080024,7.800964315528736,7,53,SRS,kritisk
vessel_1016_1,outbreak_synthetic_16,1016,Nord-Trøndelag Anlegg 16,Sun Sep 10 2017 23:54:59 GMT+0200 (sentraleuropeisk sommertid),65.32494855829474,10.911009716822694,2.9369897798088687,13,58,SRS,kritisk
vessel_1016_2,outbreak_synthetic_16,1016,Nord-Trøndelag Anlegg 16,Sat Oct 28 2017 14:16:34 GMT+0200 (sentraleuropeisk sommertid),65.41256929026214,10.95613599815184,27.584725072010308,20,17,SRS,kritisk
vessel_1016_3,outbreak_synthetic_16,1016,Nord-Trøndelag Anlegg 16,Tue Oct 24 2017 08:31:12 GMT+0200 (sentraleuropeisk sommertid),65.34915717559927,10.953152317453535,31.16764799240814,-19,26,SRS,kritisk
vessel_1016_4,outbreak_synthetic_16,1016,Nord-Trøndelag Anlegg 16,Mon Oct 23 2017 18:55:49 GMT+0200 (sentraleuropeisk sommertid),65.410205786988,10.987662797852622,45.64771582700963,-24,54,SRS,kritisk
vessel_1017_0,outbreak_synthetic_17,1017,Troms Anlegg 17,Wed Feb 27 2019 18:26:27 GMT+0100 (sentraleuropeisk normaltid),68.48361860464013,16.515239176554275,20.060860789298268,-14,5,SRS,kritisk
vessel_1017_1,outbreak_synthetic_17,1017,Troms Anlegg 17,Mon Feb 25 2019 07:39:59 GMT+0100 (sentraleuropeisk normaltid),68.57101543485393,16.465468376239627,6.572680670485736,-28,10,SRS,kritisk
vessel_1017_2,outbreak_synthetic_17,1017,Troms Anlegg 17,Tue Feb 19 2019 03:37:19 GMT+0100 (sentraleuropeisk normaltid),68.57221860295525,16.477702195991373,47.70635448468972,26,19,SRS,kritisk
vessel_1018_0,outbreak_synthetic_18,1018,Sogn Anlegg 18,Fri Feb 26 2021 07:42:18 GMT+0100 (sentraleuropeisk normaltid),61.06358243809494,6.26207387779884,21.103877437336127,17,9,SRS,kritisk
vessel_1018_1,outbreak_synthetic_18,1018,Sogn Anlegg 18,Sun Feb 21 2021 08:07:44 GMT+0100 (sentraleuropeisk normaltid),60.98884456189133,6.2426263240187945,34.59585871402495,-7,25,SRS,kritisk
vessel_1018_2,outbreak_synthetic_18,1018,Sogn Anlegg 18,Tue Apr 06 2021 15:45:22 GMT+0200 (sentraleuropeisk sommertid),61.00981622922244,6.299685423062748,14.384281022160971,-5,3,SRS,kritisk
vessel_1018_3,outbreak_synthetic_18,1018,Sogn Anlegg 18,Sat Feb 27 2021 12:53:35 GMT+0100 (sentraleuropeisk normaltid),61.03694191778377,6.205191679681109,18.58804077610688,-15,46,SRS,kritisk
vessel_1019_0,outbreak_synthetic_19,1019,Møre Anlegg 19,Sun Sep 14 2025 20:45:08 GMT+0200 (sentraleuropeisk sommertid),62.778905852580166,4.561537310785594,9.78709499530115,27,20,PD,kritisk
vessel_1019_1,outbreak_synthetic_19,1019,Møre Anlegg 19,Wed Jul 02 2025 05:26:19 GMT+0200 (sentraleuropeisk sommertid),62.74498505260993,4.574759307687952,29.04323196692493,-4,45,PD,kritisk
vessel_1019_2,outbreak_synthetic_19,1019,Møre Anlegg 19,Thu Jul 31 2025 08:04:16 GMT+0200 (sentraleuropeisk sommertid),62.733256462122164,4.496010735202555,21.13279321122598,-2,27,PD,kritisk
vessel_1019_3,outbreak_synthetic_19,1019,Møre Anlegg 19,Mon Sep 15 2025 18:20:13 GMT+0200 (sentraleuropeisk sommertid),62.73519089185269,4.5344590285919715,17.838980334091737,29,64,PD,kritisk
vessel_1019_4,outbreak_synthetic_19,1019,Møre Anlegg 19,Sun Aug 10 2025 20:15:44 GMT+0200 (sentraleuropeisk sommertid),62.72287937395815,4.524253815627956,6.048149185977869,-17,29,PD,kritisk
vessel_1020_0,outbreak_synthetic_20,1020,Møre Anlegg 20,Sun Sep 13 2020 18:21:17 GMT+0200 (sentraleuropeisk sommertid),62.214348128507766,6.282038386643746,3.39845450633276,-26,38,ISA,kritisk
vessel_1020_1,outbreak_synthetic_20,1020,Møre Anlegg 20,Sun Sep 13 2020 13:03:55 GMT+0200 (sentraleuropeisk sommertid),62.2776137992449,6.299972748927159,39.23804537019309,-11,17,ISA,kritisk
vessel_1021_0,outbreak_synthetic_21,1021,Møre Anlegg 21,Tue Mar 13 2018 17:13:44 GMT+0100 (sentraleuropeisk normaltid),61.52692915848886,6.283010965181224,34.70457796278844,-30,19,PRV,kritisk
vessel_1021_1,outbreak_synthetic_21,1021,Møre Anlegg 21,Sun Feb 25 2018 07:55:41 GMT+0100 (sentraleuropeisk normaltid),61.49770197287372,6.320364888614529,8.246017796603217,-11,52,PRV,kritisk
vessel_1022_0,outbreak_synthetic_22,1022,Møre Anlegg 22,Sun Sep 10 2017 10:13:15 GMT+0200 (sentraleuropeisk sommertid),62.59851642124233,5.088604988602751,40.03756035149028,15,3,SRS,kritisk
vessel_1022_1,outbreak_synthetic_22,1022,Møre Anlegg 22,Sun Sep 10 2017 06:15:44 GMT+0200 (sentraleuropeisk sommertid),62.57183451516249,5.138383816011317,49.14032836868399,13,4,SRS,kritisk
vessel_1023_0,outbreak_synthetic_23,1023,Nord-Trøndelag Anlegg 23,Wed Nov 20 2019 07:36:23 GMT+0100 (sentraleuropeisk normaltid),65.16775565000196,11.904159553421966,26.369807143782985,-13,0,PD,kritisk
vessel_1023_1,outbreak_synthetic_23,1023,Nord-Trøndelag Anlegg 23,Sat Nov 23 2019 06:39:22 GMT+0100 (sentraleuropeisk normaltid),65.18430596481362,11.943233116141576,25.78877763294137,-1,6,PD,kritisk
vessel_1024_0,outbreak_synthetic_24,1024,Møre Anlegg 24,Thu Oct 29 2020 14:45:08 GMT+0100 (sentraleuropeisk normaltid),62.82407632600896,5.71023917162376,19.720582436871958,3,11,SRS,kritisk
vessel_1025_0,outbreak_synthetic_25,1025,Møre Anlegg 25,Thu Jan 25 2018 03:40:17 GMT+0100 (sentraleuropeisk normaltid),61.92897483792276,5.495883653456795,13.98944968420574,-19,6,PRV,kritisk
vessel_1025_1,outbreak_synthetic_25,1025,Møre Anlegg 25,Sat Jan 13 2018 02:48:43 GMT+0100 (sentraleuropeisk normaltid),61.934343729542476,5.477739111657566,24.810838285230748,24,6,PRV,kritisk
vessel_1025_2,outbreak_synthetic_25,1025,Møre Anlegg 25,Wed Jan 24 2018 07:44:39 GMT+0100 (sentraleuropeisk normaltid),61.86421789580267,5.5202507414200594,24.826720748884068,2,27,PRV,kritisk
vessel_1025_3,outbreak_synthetic_25,1025,Møre Anlegg 25,Sat Jan 27 2018 08:48:48 GMT+0100 (sentraleuropeisk normaltid),61.93224070969239,5.450770667116921,40.77141368664255,15,11,PRV,kritisk
vessel_1025_4,outbreak_synthetic_25,1025,Møre Anlegg 25,Fri Feb 09 2018 11:13:22 GMT+0100 (sentraleuropeisk normaltid),61.91462705575206,5.454589188224323,24.513069295442463,-20,21,PRV,kritisk
vessel_1026_0,outbreak_synthetic_26,1026,Hordaland Anlegg 26,Sat Mar 09 2024 01:34:51 GMT+0100 (sentraleuropeisk normaltid),60.63224001683021,6.387676655516537,42.85955219213805,-7,31,SRS,kritisk
vessel_1026_1,outbreak_synthetic_26,1026,Hordaland Anlegg 26,Fri Apr 19 2024 06:34:52 GMT+0200 (sentraleuropeisk sommertid),60.58134197197689,6.389124806658308,47.8996637653162,-22,52,SRS,kritisk
vessel_1026_2,outbreak_synthetic_26,1026,Hordaland Anlegg 26,Thu Mar 21 2024 02:59:53 GMT+0100 (sentraleuropeisk normaltid),60.548137696333725,6.349768232359972,13.784410396125452,-28,8,SRS,kritisk
vessel_1026_3,outbreak_synthetic_26,1026,Hordaland Anlegg 26,Thu Apr 04 2024 15:31:39 GMT+0200 (sentraleuropeisk sommertid),60.57916278776029,6.3393122128492685,2.7994404925087646,15,10,SRS,kritisk
vessel_1027_0,outbreak_synthetic_27,1027,Hordaland Anlegg 27,Sun Jun 21 2020 18:04:18 GMT+0200 (sentraleuropeisk sommertid),60.476496386577374,5.551762326519286,21.780888130779857,-25,6,SRS,kritisk
vessel_1027_1,outbreak_synthetic_27,1027,Hordaland Anlegg 27,Wed Jun 10 2020 17:28:27 GMT+0200 (sentraleuropeisk sommertid),60.494831739108164,5.559685642432981,45.96840158132043,10,18,SRS,kritisk
vessel_1028_0,outbreak_synthetic_28,1028,Troms Anlegg 28,Thu Jul 14 2022 05:07:54 GMT+0200 (sentraleuropeisk sommertid),68.89849527112001,17.21053017687006,36.49634962158431,-15,32,PRV,kritisk
vessel_1028_1,outbreak_synthetic_28,1028,Troms Anlegg 28,Sun Jun 19 2022 17:08:02 GMT+0200 (sentraleuropeisk sommertid),68.87795852372984,17.217416702316548,48.101330399191205,18,20,PRV,kritisk
vessel_1028_2,outbreak_synthetic_28,1028,Troms Anlegg 28,Fri Jun 17 2022 14:42:14 GMT+0200 (sentraleuropeisk sommertid),68.83710236517706,17.263921486013192,6.390165473359666,-2,8,PRV,kritisk
vessel_1028_3,outbreak_synthetic_28,1028,Troms Anlegg 28,Fri Jul 08 2022 08:04:09 GMT+0200 (sentraleuropeisk sommertid),68.93112831943793,17.196951044239167,47.63082434815962,-29,32,PRV,kritisk
vessel_1029_0,outbreak_synthetic_29,1029,Hordaland Anlegg 29,Wed Apr 13 2022 12:32:31 GMT+0200 (sentraleuropeisk sommertid),59.053002829352174,4.955019701148705,19.68331423638055,-26,53,SRS,kritisk
vessel_1030_0,outbreak_synthetic_30,1030,Sogn Anlegg 30,Tue Dec 20 2022 03:00:54 GMT+0100 (sentraleuropeisk normaltid),61.13481554884913,5.037167694268902,28.332161176698982,-8,40,ISA,kritisk
vessel_1030_1,outbreak_synthetic_30,1030,Sogn Anlegg 30,Thu Nov 17 2022 15:27:11 GMT+0100 (sentraleuropeisk normaltid),61.119207058290144,5.080718191979831,28.14004813393976,18,5,ISA,kritisk
vessel_1030_2,outbreak_synthetic_30,1030,Sogn Anlegg 30,Thu Nov 24 2022 11:39:11 GMT+0100 (sentraleuropeisk normaltid),61.064046334648935,5.069263470614604,35.00640900694087,-20,41,ISA,kritisk
vessel_1031_0,outbreak_synthetic_31,1031,Nord-Trøndelag Anlegg 31,Mon Jul 21 2025 20:52:19 GMT+0200 (sentraleuropeisk sommertid),64.3632832317709,11.892937091271655,19.943880633822552,-3,27,ISA,kritisk
vessel_1031_1,outbreak_synthetic_31,1031,Nord-Trøndelag Anlegg 31,Sat Jul 19 2025 14:31:13 GMT+0200 (sentraleuropeisk sommertid),64.31091736391693,11.897825584466219,49.80028843472317,-3,24,ISA,kritisk
vessel_1031_2,outbreak_synthetic_31,1031,Nord-Trøndelag Anlegg 31,Fri Aug 08 2025 22:38:27 GMT+0200 (sentraleuropeisk sommertid),64.34830670281158,11.91580530824185,49.6079215039888,-26,13,ISA,kritisk
vessel_1032_0,outbreak_synthetic_32,1032,Møre Anlegg 32,Wed Aug 26 2020 10:31:36 GMT+0200 (sentraleuropeisk sommertid),61.05210339048597,6.104444968906166,44.454038953390935,25,72,SRS,kritisk
vessel_1032_1,outbreak_synthetic_32,1032,Møre Anlegg 32,Tue Sep 01 2020 12:30:06 GMT+0200 (sentraleuropeisk sommertid),60.96898075940678,6.161023737286974,33.4432866979435,-17,12,SRS,kritisk
vessel_1032_2,outbreak_synthetic_32,1032,Møre Anlegg 32,Thu Sep 03 2020 10:01:00 GMT+0200 (sentraleuropeisk sommertid),61.048905712468915,6.124440412509606,23.553734762938806,-23,57,SRS,kritisk
vessel_1032_3,outbreak_synthetic_32,1032,Møre Anlegg 32,Fri Jul 31 2020 14:18:43 GMT+0200 (sentraleuropeisk sommertid),60.991383131193196,6.138446011334059,20.424471547931766,20,13,SRS,kritisk
vessel_1033_0,outbreak_synthetic_33,1033,Møre Anlegg 33,Sat Nov 25 2017 12:07:08 GMT+0100 (sentraleuropeisk normaltid),62.19116852930935,6.045406141420107,34.28349856711221,-20,47,PD,kritisk
vessel_1034_0,outbreak_synthetic_34,1034,Nord-Trøndelag Anlegg 34,Fri Jun 16 2023 06:29:26 GMT+0200 (sentraleuropeisk sommertid),65.18282286794509,11.448393835363863,3.358687257778131,4,9,PRV,kritisk
vessel_1034_1,outbreak_synthetic_34,1034,Nord-Trøndelag Anlegg 34,Sun Jun 04 2023 08:57:30 GMT+0200 (sentraleuropeisk sommertid),65.17476939659265,11.418048444587834,29.474721502246037,-10,76,PRV,kritisk
vessel_1034_2,outbreak_synthetic_34,1034,Nord-Trøndelag Anlegg 34,Wed Jun 28 2023 11:45:08 GMT+0200 (sentraleuropeisk sommertid),65.1866160772348,11.468219281683625,22.503153975437463,19,3,PRV,kritisk
vessel_1034_3,outbreak_synthetic_34,1034,Nord-Trøndelag Anlegg 34,Sun Jul 30 2023 09:32:50 GMT+0200 (sentraleuropeisk sommertid),65.23424691405447,11.425588464056052,30.548962295317267,-6,87,PRV,kritisk
vessel_1035_0,outbreak_synthetic_35,1035,Møre Anlegg 35,Sat Sep 09 2017 00:06:18 GMT+0200 (sentraleuropeisk sommertid),62.37152146107079,6.479227296230633,9.607625729301406,-6,21,SRS,kritisk
vessel_1036_0,outbreak_synthetic_36,1036,Sogn Anlegg 36,Wed Aug 10 2022 01:05:50 GMT+0200 (sentraleuropeisk sommertid),60.86610254824842,5.779396262621195,1.5702935654175798,-1,32,PD,kritisk
vessel_1036_1,outbreak_synthetic_36,1036,Sogn Anlegg 36,Wed Aug 17 2022 08:58:48 GMT+0200 (sentraleuropeisk sommertid),60.88629906911625,5.740624831736085,18.21576522922693,28,29,PD,kritisk
vessel_1036_2,outbreak_synthetic_36,1036,Sogn Anlegg 36,Thu Aug 25 2022 03:10:25 GMT+0200 (sentraleuropeisk sommertid),60.89501175085747,5.818832022871503,28.75962963260748,21,33,PD,kritisk
vessel_1036_3,outbreak_synthetic_36,1036,Sogn Anlegg 36,Mon Aug 22 2022 20:32:18 GMT+0200 (sentraleuropeisk sommertid),60.956633678120745,5.817905521671784,19.935288889075252,18,26,PD,kritisk
vessel_1036_4,outbreak_synthetic_36,1036,Sogn Anlegg 36,Wed Aug 17 2022 01:35:24 GMT+0200 (sentraleuropeisk sommertid),60.93766991214045,5.731926281328162,11.445843680585776,-26,35,PD,kritisk
vessel_1037_0,outbreak_synthetic_37,1037,Troms Anlegg 37,Tue Feb 02 2016 01:48:34 GMT+0100 (sentraleuropeisk normaltid),68.65802856553196,17.98591855212676,8.434044927270095,-16,16,PRV,kritisk
vessel_1037_1,outbreak_synthetic_37,1037,Troms Anlegg 37,Thu Feb 04 2016 21:33:48 GMT+0100 (sentraleuropeisk normaltid),68.6866942648699,17.959538133835768,42.2195081459853,-16,8,PRV,kritisk
vessel_1037_2,outbreak_synthetic_37,1037,Troms Anlegg 37,Thu Feb 04 2016 18:06:38 GMT+0100 (sentraleuropeisk normaltid),68.68609020894829,17.989744631775018,20.426916667390977,15,7,PRV,kritisk
vessel_1037_3,outbreak_synthetic_37,1037,Troms Anlegg 37,Sat Feb 06 2016 21:44:12 GMT+0100 (sentraleuropeisk normaltid),68.69602277281841,17.92464210645218,0.1791225499810256,23,8,PRV,kritisk
vessel_1037_4,outbreak_synthetic_37,1037,Troms Anlegg 37,Sun Feb 07 2016 05:10:20 GMT+0100 (sentraleuropeisk normaltid),68.64834284983435,17.970599512275374,8.134519772174482,-25,7,PRV,kritisk
vessel_1038_0,outbreak_synthetic_38,1038,Hordaland Anlegg 38,Mon Jul 15 2024 22:30:35 GMT+0200 (sentraleuropeisk sommertid),60.60792616658578,4.583134533490827,44.5813561428881,2,50,PD,kritisk
vessel_1038_1,outbreak_synthetic_38,1038,Hordaland Anlegg 38,Sat Jul 20 2024 20:00:46 GMT+0200 (sentraleuropeisk sommertid),60.653261588956184,4.508098851826486,45.41322688432118,-24,15,PD,kritisk
vessel_1039_0,outbreak_synthetic_39,1039,Møre Anlegg 39,Sat Jun 29 2024 21:58:44 GMT+0200 (sentraleuropeisk sommertid),62.70684628651472,6.439071245027611,8.615700927980852,-5,90,ISA,kritisk
vessel_1039_1,outbreak_synthetic_39,1039,Møre Anlegg 39,Fri May 24 2024 10:35:38 GMT+0200 (sentraleuropeisk sommertid),62.69194277956623,6.518310764167114,25.729737749367253,-24,60,ISA,kritisk
vessel_1040_0,outbreak_synthetic_40,1040,Møre Anlegg 40,Thu Mar 16 2017 14:13:39 GMT+0100 (sentraleuropeisk normaltid),62.59016720951124,4.874236154136402,4.408728597804074,2,23,ISA,kritisk
vessel_1040_1,outbreak_synthetic_40,1040,Møre Anlegg 40,Tue Apr 25 2017 12:40:01 GMT+0200 (sentraleuropeisk sommertid),62.512566095513556,4.930085094536064,24.73773231426985,-6,62,ISA,kritisk
vessel_1041_0,outbreak_synthetic_41,1041,Møre Anlegg 41,Wed Mar 14 2018 20:52:52 GMT+0100 (sentraleuropeisk normaltid),61.259317498683885,5.413415730765947,18.70863363204635,-18,1,PD,kritisk
vessel_1041_1,outbreak_synthetic_41,1041,Møre Anlegg 41,Sun Mar 04 2018 11:43:04 GMT+0100 (sentraleuropeisk normaltid),61.278346394451624,5.454992543468798,45.546179711801635,-2,0,PD,kritisk
vessel_1042_0,outbreak_synthetic_42,1042,Møre Anlegg 42,Sat Jul 19 2025 21:19:39 GMT+0200 (sentraleuropeisk sommertid),61.144146724245665,6.183737773507902,32.98264870666406,18,15,ISA,kritisk
vessel_1042_1,outbreak_synthetic_42,1042,Møre Anlegg 42,Fri Aug 01 2025 17:22:40 GMT+0200 (sentraleuropeisk sommertid),61.14145329177862,6.196411513807974,19.269721767292747,-30,35,ISA,kritisk
vessel_1042_2,outbreak_synthetic_42,1042,Møre Anlegg 42,Thu Jun 19 2025 20:25:14 GMT+0200 (sentraleuropeisk sommertid),61.11922691970104,6.185512200297494,19.142822613445016,-17,57,ISA,kritisk
vessel_1042_3,outbreak_synthetic_42,1042,Møre Anlegg 42,Tue Jul 29 2025 13:26:56 GMT+0200 (sentraleuropeisk sommertid),61.069910623444855,6.166475786390582,44.47393879477233,11,48,ISA,kritisk
vessel_1043_0,outbreak_synthetic_43,1043,Troms Anlegg 43,Thu Oct 04 2018 18:55:54 GMT+0200 (sentraleuropeisk sommertid),67.7002342267099,16.348460660802758,10.20021024286244,6,44,SRS,kritisk
vessel_1043_1,outbreak_synthetic_43,1043,Troms Anlegg 43,Thu Nov 08 2018 11:42:30 GMT+0100 (sentraleuropeisk normaltid),67.73237933683319,16.390427668984938,40.92697157648677,27,12,SRS,kritisk
vessel_1044_0,outbreak_synthetic_44,1044,Sogn Anlegg 44,Tue May 11 2021 05:41:36 GMT+0200 (sentraleuropeisk sommertid),60.514753462429255,6.916222110165543,21.461967243631886,2,5,ISA,kritisk
vessel_1044_1,outbreak_synthetic_44,1044,Sogn Anlegg 44,Sun Apr 25 2021 21:21:32 GMT+0200 (sentraleuropeisk sommertid),60.46565677531358,6.92554513500844,12.232038087778996,3,41,ISA,kritisk
vessel_1044_2,outbreak_synthetic_44,1044,Sogn Anlegg 44,Thu May 20 2021 00:48:25 GMT+0200 (sentraleuropeisk sommertid),60.52723301738934,6.8894848493909935,17.129901160588613,-14,6,ISA,kritisk
vessel_1045_0,outbreak_synthetic_45,1045,Nord-Trøndelag Anlegg 45,Wed Jul 21 2021 18:25:29 GMT+0200 (sentraleuropeisk sommertid),65.08628417392252,10.737996896211353,18.762236331244203,-29,9,SRS,kritisk
vessel_1045_1,outbreak_synthetic_45,1045,Nord-Trøndelag Anlegg 45,Sun Jun 20 2021 04:29:57 GMT+0200 (sentraleuropeisk sommertid),65.05148925358205,10.65775997356422,10.776961171751243,-4,5,SRS,kritisk
vessel_1045_2,outbreak_synthetic_45,1045,Nord-Trøndelag Anlegg 45,Sun Jul 18 2021 11:09:12 GMT+0200 (sentraleuropeisk sommertid),65.07881981000774,10.700294499588576,9.638212778814465,-10,5,SRS,kritisk
vessel_1046_0,outbreak_synthetic_46,1046,Sogn Anlegg 46,Thu Jan 11 2018 07:35:39 GMT+0100 (sentraleuropeisk normaltid),61.674062141372765,5.335119326381726,0.025879189120509016,21,0,PRV,kritisk
vessel_1046_1,outbreak_synthetic_46,1046,Sogn Anlegg 46,Sat Jan 06 2018 14:28:29 GMT+0100 (sentraleuropeisk normaltid),61.67172651851,5.3527526887336006,40.995334229982596,1,29,PRV,kritisk
vessel_1046_2,outbreak_synthetic_46,1046,Sogn Anlegg 46,Sun Nov 05 2017 05:21:41 GMT+0100 (sentraleuropeisk normaltid),61.643882181835835,5.3251171904980055,5.613870389416581,-14,6,PRV,kritisk
vessel_1046_3,outbreak_synthetic_46,1046,Sogn Anlegg 46,Sun Nov 19 2017 02:23:12 GMT+0100 (sentraleuropeisk normaltid),61.650828360495666,5.369615823044655,15.663910601667446,-27,46,PRV,kritisk
vessel_1046_4,outbreak_synthetic_46,1046,Sogn Anlegg 46,Tue Dec 05 2017 13:44:58 GMT+0100 (sentraleuropeisk normaltid),61.696806587698326,5.37123650125213,47.242557040032814,12,51,PRV,kritisk
vessel_1047_0,outbreak_synthetic_47,1047,Møre Anlegg 47,Sat Aug 01 2020 09:02:33 GMT+0200 (sentraleuropeisk sommertid),61.67627614845947,5.72511058765447,36.88408798083821,12,13,SRS,kritisk
vessel_1047_1,outbreak_synthetic_47,1047,Møre Anlegg 47,Fri Jul 17 2020 14:11:49 GMT+0200 (sentraleuropeisk sommertid),61.70805348413116,5.66963740885647,45.50350701350958,29,33,SRS,kritisk
vessel_1047_2,outbreak_synthetic_47,1047,Møre Anlegg 47,Thu Aug 20 2020 10:27:27 GMT+0200 (sentraleuropeisk sommertid),61.725725865156654,5.741467851908442,43.575975403634885,-19,36,SRS,kritisk
vessel_1048_0,outbreak_synthetic_48,1048,Møre Anlegg 48,Mon Feb 15 2021 17:06:29 GMT+0100 (sentraleuropeisk normaltid),62.98722434034867,5.473272594929768,5.422836740363474,15,69,PD,kritisk
vessel_1048_1,outbreak_synthetic_48,1048,Møre Anlegg 48,Sat Dec 12 2020 13:37:41 GMT+0100 (sentraleuropeisk normaltid),62.92544648006143,5.414644399230797,26.468157243365077,-8,78,PD,kritisk
vessel_1049_0,outbreak_synthetic_49,1049,Sogn Anlegg 49,Sat Dec 31 2022 11:26:58 GMT+0100 (sentraleuropeisk normaltid),61.886272061284245,6.32266779111727,24.878125438915554,21,2,PD,kritisk
vessel_1049_1,outbreak_synthetic_49,1049,Sogn Anlegg 49,Thu Jan 26 2023 12:17:50 GMT+0100 (sentraleuropeisk normaltid),61.914434809798315,6.35596063833774,4.427377085696965,25,42,PD,kritisk
vessel_1050_0,outbreak_synthetic_50,1050,Nord-Trøndelag Anlegg 50,Sat Jun 09 2018 18:41:28 GMT+0200 (sentraleuropeisk sommertid),64.07228039260136,11.805555894724233,18.953907710029583,28,19,ISA,kritisk
vessel_1050_1,outbreak_synthetic_50,1050,Nord-Trøndelag Anlegg 50,Tue Jul 17 2018 09:15:52 GMT+0200 (sentraleuropeisk sommertid),64.12654317929126,11.816839125236836,38.30030026308621,-14,4,ISA,kritisk
vessel_1050_2,outbreak_synthetic_50,1050,Nord-Trøndelag Anlegg 50,Wed Jul 18 2018 19:45:12 GMT+0200 (sentraleuropeisk sommertid),64.14213800615158,11.859325948479471,36.308285827251055,6,52,ISA,kritisk
vessel_1050_3,outbreak_synthetic_50,1050,Nord-Trøndelag Anlegg 50,Wed Jun 06 2018 06:53:10 GMT+0200 (sentraleuropeisk sommertid),64.07784906428269,11.805204954593853,44.42236190463273,23,18,ISA,kritisk
vessel_1050_4,outbreak_synthetic_50,1050,Nord-Trøndelag Anlegg 50,Sat Jun 23 2018 17:20:06 GMT+0200 (sentraleuropeisk sommertid),64.0653224232133,11.800449969568898,0.5633601626408857,-11,44,ISA,kritisk
vessel_1051_0,outbreak_synthetic_51,1051,Troms Anlegg 51,Sun Feb 16 2020 00:14:45 GMT+0100 (sentraleuropeisk normaltid),67.82972894197245,16.334184456016015,26.765995200799335,1,1,SRS,kritisk
vessel_1051_1,outbreak_synthetic_51,1051,Troms Anlegg 51,Mon Jan 13 2020 13:59:44 GMT+0100 (sentraleuropeisk normaltid),67.86978961772023,16.35941633039625,29.135246164331747,-6,57,SRS,kritisk
vessel_1051_2,outbreak_synthetic_51,1051,Troms Anlegg 51,Mon Jan 06 2020 10:22:41 GMT+0100 (sentraleuropeisk normaltid),67.87526384413164,16.354888023643788,9.290728563756456,18,14,SRS,kritisk
vessel_1051_3,outbreak_synthetic_51,1051,Troms Anlegg 51,Fri Dec 13 2019 22:42:24 GMT+0100 (sentraleuropeisk normaltid),67.80073166871902,16.37760537710891,32.529396485269075,0,8,SRS,kritisk
vessel_1052_0,outbreak_synthetic_52,1052,Sogn Anlegg 52,Wed Apr 24 2019 23:57:38 GMT+0200 (sentraleuropeisk sommertid),61.788805130399176,6.51909004181578,21.572336016206073,26,1,PRV,kritisk
vessel_1052_1,outbreak_synthetic_52,1052,Sogn Anlegg 52,Sun Apr 28 2019 17:04:00 GMT+0200 (sentraleuropeisk sommertid),61.71799546336854,6.531805461978755,43.09505949332373,8,50,PRV,kritisk
vessel_1053_0,outbreak_synthetic_53,1053,Nord-Trøndelag Anlegg 53,Wed Nov 05 2025 07:38:15 GMT+0100 (sentraleuropeisk normaltid),64.98335519034208,11.235083141453725,10.58590287524977,24,37,PRV,kritisk
vessel_1053_1,outbreak_synthetic_53,1053,Nord-Trøndelag Anlegg 53,Fri Dec 19 2025 08:09:51 GMT+0100 (sentraleuropeisk normaltid),64.99575025465802,11.228314191502628,14.10243229155287,22,10,PRV,kritisk
vessel_1053_2,outbreak_synthetic_53,1053,Nord-Trøndelag Anlegg 53,Mon Nov 17 2025 20:10:53 GMT+0100 (sentraleuropeisk normaltid),65.016515974016,11.20399171047824,46.09741619217629,22,33,PRV,kritisk
vessel_1054_0,outbreak_synthetic_54,1054,Sogn Anlegg 54,Fri May 20 2022 21:38:45 GMT+0200 (sentraleuropeisk sommertid),60.3217657037469,5.922925290833784,11.337795461323186,11,89,PD,kritisk
vessel_1055_0,outbreak_synthetic_55,1055,Nord-Trøndelag Anlegg 55,Thu May 14 2020 17:04:27 GMT+0200 (sentraleuropeisk sommertid),64.23648484965143,11.7580102341256,19.60594205552294,-1,4,PD,kritisk
vessel_1055_1,outbreak_synthetic_55,1055,Nord-Trøndelag Anlegg 55,Fri May 15 2020 03:47:29 GMT+0200 (sentraleuropeisk sommertid),64.29752109544295,11.816433791704103,3.7007775182481106,29,3,PD,kritisk
vessel_1055_2,outbreak_synthetic_55,1055,Nord-Trøndelag Anlegg 55,Tue May 19 2020 09:21:37 GMT+0200 (sentraleuropeisk sommertid),64.2971173809813,11.786830660569612,21.1744178976867,22,13,PD,kritisk
vessel_1055_3,outbreak_synthetic_55,1055,Nord-Trøndelag Anlegg 55,Sun May 24 2020 12:52:19 GMT+0200 (sentraleuropeisk sommertid),64.25414883643634,11.767970168989354,0.7376230835768383,7,1,PD,kritisk
vessel_1056_0,outbreak_synthetic_56,1056,Hordaland Anlegg 56,Sat Jan 30 2021 08:41:33 GMT+0100 (sentraleuropeisk normaltid),59.01364859712684,5.49488357429193,1.4763090577775362,10,11,ISA,kritisk
vessel_1057_0,outbreak_synthetic_57,1057,Møre Anlegg 57,Sat Jun 11 2016 00:10:20 GMT+0200 (sentraleuropeisk sommertid),62.23416598600816,4.6296760265708485,45.471186402781946,24,44,PD,kritisk
vessel_1057_1,outbreak_synthetic_57,1057,Møre Anlegg 57,Wed Apr 27 2016 17:55:27 GMT+0200 (sentraleuropeisk sommertid),62.23559041901018,4.722330279979041,42.42069650144185,19,22,PD,kritisk
vessel_1057_2,outbreak_synthetic_57,1057,Møre Anlegg 57,Fri Apr 29 2016 12:38:32 GMT+0200 (sentraleuropeisk sommertid),62.16734082609766,4.705908707667531,9.361068951101009,-14,9,PD,kritisk
vessel_1057_3,outbreak_synthetic_57,1057,Møre Anlegg 57,Tue May 24 2016 04:04:33 GMT+0200 (sentraleuropeisk sommertid),62.19839690333874,4.628585521889477,8.29240896314094,-21,49,PD,kritisk
vessel_1057_4,outbreak_synthetic_57,1057,Møre Anlegg 57,Thu May 26 2016 14:23:59 GMT+0200 (sentraleuropeisk sommertid),62.250246837531165,4.664175599260234,47.40572809011012,-21,33,PD,kritisk
vessel_1058_0,outbreak_synthetic_58,1058,Nord-Trøndelag Anlegg 58,Fri Sep 23 2016 00:34:27 GMT+0200 (sentraleuropeisk sommertid),65.76074730327186,10.81120471718815,18.699647924722402,-7,30,SRS,kritisk
vessel_1059_0,outbreak_synthetic_59,1059,Sogn Anlegg 59,Wed Jan 03 2018 23:07:36 GMT+0100 (sentraleuropeisk normaltid),61.86381523198529,6.90947111324545,28.94803888016923,6,11,SRS,kritisk
vessel_1059_1,outbreak_synthetic_59,1059,Sogn Anlegg 59,Mon Jan 08 2018 13:15:41 GMT+0100 (sentraleuropeisk normaltid),61.81888110357545,6.928187777420703,29.88143291900346,12,34,SRS,kritisk
vessel_1060_0,outbreak_synthetic_60,1060,Møre Anlegg 60,Mon May 28 2018 14:46:39 GMT+0200 (sentraleuropeisk sommertid),62.642994147444675,5.596631190707395,2.670570480735174,27,19,SRS,kritisk
vessel_1060_1,outbreak_synthetic_60,1060,Møre Anlegg 60,Fri Jun 22 2018 08:03:21 GMT+0200 (sentraleuropeisk sommertid),62.65133835623046,5.552439891304038,4.923444627570212,23,47,SRS,kritisk
vessel_1060_2,outbreak_synthetic_60,1060,Møre Anlegg 60,Mon May 28 2018 08:00:19 GMT+0200 (sentraleuropeisk sommertid),62.66779729456392,5.550009007906231,24.6170567414274,-1,49,SRS,kritisk
vessel_1060_3,outbreak_synthetic_60,1060,Møre Anlegg 60,Tue Jul 03 2018 15:51:16 GMT+0200 (sentraleuropeisk sommertid),62.68456565099759,5.560583177526938,1.5911189445153018,13,39,SRS,kritisk
vessel_1061_0,outbreak_synthetic_61,1061,Hordaland Anlegg 61,Sun Mar 12 2023 04:27:20 GMT+0100 (sentraleuropeisk normaltid),60.57342173299997,5.9727556180396,46.92825409936737,9,12,ISA,kritisk
vessel_1062_0,outbreak_synthetic_62,1062,Sogn Anlegg 62,Thu Dec 21 2023 10:48:01 GMT+0100 (sentraleuropeisk normaltid),61.64846806329759,6.391311235582288,45.461970124503424,-15,82,SRS,kritisk
vessel_1062_1,outbreak_synthetic_62,1062,Sogn Anlegg 62,Tue Dec 05 2023 09:23:45 GMT+0100 (sentraleuropeisk normaltid),61.73054643760228,6.4739460996257,36.577837135078454,25,36,SRS,kritisk
vessel_1063_0,outbreak_synthetic_63,1063,Møre Anlegg 63,Tue Mar 11 2025 09:03:07 GMT+0100 (sentraleuropeisk normaltid),62.90253612632292,6.364787463726677,49.70520992105546,25,32,PRV,kritisk
vessel_1064_0,outbreak_synthetic_64,1064,Møre Anlegg 64,Thu Oct 03 2024 09:52:53 GMT+0200 (sentraleuropeisk sommertid),62.92224184678988,5.585666161474378,5.057410555742719,7,21,PD,kritisk
vessel_1064_1,outbreak_synthetic_64,1064,Møre Anlegg 64,Thu Sep 05 2024 20:10:25 GMT+0200 (sentraleuropeisk sommertid),62.91703285390329,5.578392386557588,11.479047641922508,24,11,PD,kritisk
vessel_1064_2,outbreak_synthetic_64,1064,Møre Anlegg 64,Thu Aug 29 2024 16:14:49 GMT+0200 (sentraleuropeisk sommertid),62.979545017129716,5.538556389260509,39.86160538289293,14,8,PD,kritisk
vessel_1064_3,outbreak_synthetic_64,1064,Møre Anlegg 64,Sun Aug 25 2024 12:23:29 GMT+0200 (sentraleuropeisk sommertid),62.95791279922266,5.512703644765496,46.18492189158505,7,43,PD,kritisk
vessel_1064_4,outbreak_synthetic_64,1064,Møre Anlegg 64,Tue Sep 10 2024 23:46:42 GMT+0200 (sentraleuropeisk sommertid),62.92745290080713,5.488494659429821,46.35163283063041,-23,4,PD,kritisk
vessel_1065_0,outbreak_synthetic_65,1065,Sogn Anlegg 65,Sun Nov 20 2016 13:02:41 GMT+0100 (sentraleuropeisk normaltid),60.03054921705553,6.034786341398792,19.318399940209773,-23,2,PRV,kritisk
vessel_1065_1,outbreak_synthetic_65,1065,Sogn Anlegg 65,Sat Nov 12 2016 11:42:00 GMT+0100 (sentraleuropeisk normaltid),59.99368948624002,6.05024188282148,35.975392515501945,-16,8,PRV,kritisk
vessel_1065_2,outbreak_synthetic_65,1065,Sogn Anlegg 65,Mon Nov 14 2016 12:00:47 GMT+0100 (sentraleuropeisk normaltid),59.987527980812054,6.0675249066657555,25.58344625689026,26,11,PRV,kritisk
vessel_1065_3,outbreak_synthetic_65,1065,Sogn Anlegg 65,Tue Nov 22 2016 03:42:18 GMT+0100 (sentraleuropeisk normaltid),60.00035214142457,6.059769213781085,21.88363449917146,17,6,PRV,kritisk
vessel_1065_4,outbreak_synthetic_65,1065,Sogn Anlegg 65,Wed Nov 16 2016 06:26:34 GMT+0100 (sentraleuropeisk normaltid),59.97921052383793,5.99294890914516,38.812103550531305,-24,11,PRV,kritisk
vessel_1066_0,outbreak_synthetic_66,1066,Sogn Anlegg 66,Thu Jul 22 2021 01:58:06 GMT+0200 (sentraleuropeisk sommertid),60.890884041894864,6.927806199970994,10.598987386454105,9,9,SRS,kritisk
vessel_1066_1,outbreak_synthetic_66,1066,Sogn Anlegg 66,Sun Aug 29 2021 04:22:56 GMT+0200 (sentraleuropeisk sommertid),60.93455724284767,6.905700466004729,41.79290917639427,-6,0,SRS,kritisk
vessel_1067_0,outbreak_synthetic_67,1067,Sogn Anlegg 67,Sat Mar 29 2025 02:25:35 GMT+0100 (sentraleuropeisk normaltid),60.53584425420522,6.94468475029083,45.35180102414598,2,10,ISA,kritisk
vessel_1068_0,outbreak_synthetic_68,1068,Sogn Anlegg 68,Mon Jul 27 2020 20:33:56 GMT+0200 (sentraleuropeisk sommertid),60.25747179645254,6.745332879628905,47.47912794464168,-28,1,PRV,kritisk
vessel_1068_1,outbreak_synthetic_68,1068,Sogn Anlegg 68,Thu Sep 10 2020 19:18:46 GMT+0200 (sentraleuropeisk sommertid),60.33333382013549,6.826806883410857,13.552769194221403,26,12,PRV,kritisk
vessel_1069_0,outbreak_synthetic_69,1069,Nord-Trøndelag Anlegg 69,Tue Apr 17 2018 23:13:27 GMT+0200 (sentraleuropeisk sommertid),64.8577280257045,11.364600632021054,33.129245816387865,-3,5,SRS,kritisk
vessel_1069_1,outbreak_synthetic_69,1069,Nord-Trøndelag Anlegg 69,Mon Apr 30 2018 20:54:29 GMT+0200 (sentraleuropeisk sommertid),64.79884681463122,11.399566822233211,3.420147122301731,8,6,SRS,kritisk
vessel_1069_2,outbreak_synthetic_69,1069,Nord-Trøndelag Anlegg 69,Sun Apr 15 2018 19:28:45 GMT+0200 (sentraleuropeisk sommertid),64.80079477698507,11.399875756228221,2.578392040562832,6,36,SRS,kritisk
vessel_1069_3,outbreak_synthetic_69,1069,Nord-Trøndelag Anlegg 69,Sun Mar 18 2018 07:51:05 GMT+0100 (sentraleuropeisk normaltid),64.86468070879117,11.439684762704761,20.02542688559371,-24,7,SRS,kritisk
vessel_1070_0,outbreak_synthetic_70,1070,Sogn Anlegg 70,Wed Dec 18 2019 21:27:32 GMT+0100 (sentraleuropeisk normaltid),61.758807117996085,5.568321172154104,45.59280034352074,6,40,PD,kritisk
vessel_1070_1,outbreak_synthetic_70,1070,Sogn Anlegg 70,Thu Dec 19 2019 04:08:30 GMT+0100 (sentraleuropeisk normaltid),61.79112284515706,5.606261667664267,34.37147176926797,25,45,PD,kritisk
vessel_1070_2,outbreak_synthetic_70,1070,Sogn Anlegg 70,Thu Nov 21 2019 14:09:40 GMT+0100 (sentraleuropeisk normaltid),61.75076342089664,5.5901964013560805,22.434681206902418,19,36,PD,kritisk
vessel_1071_0,outbreak_synthetic_71,1071,Troms Anlegg 71,Fri Dec 20 2019 08:45:05 GMT+0100 (sentraleuropeisk normaltid),69.06725927960163,17.359726595270182,41.33048674842004,17,48,ISA,kritisk
vessel_1071_1,outbreak_synthetic_71,1071,Troms Anlegg 71,Sat Jan 25 2020 13:59:40 GMT+0100 (sentraleuropeisk normaltid),69.04466625802527,17.37045883526052,21.003838243877954,29,71,ISA,kritisk
vessel_1071_2,outbreak_synthetic_71,1071,Troms Anlegg 71,Sun Jan 05 2020 15:10:38 GMT+0100 (sentraleuropeisk normaltid),69.05834436167045,17.339107513336863,15.698504677079022,-20,23,ISA,kritisk
vessel_1071_3,outbreak_synthetic_71,1071,Troms Anlegg 71,Sun Feb 09 2020 09:18:32 GMT+0100 (sentraleuropeisk normaltid),69.04816111114299,17.42476518659772,49.53502042790372,24,9,ISA,kritisk
vessel_1071_4,outbreak_synthetic_71,1071,Troms Anlegg 71,Wed Feb 05 2020 03:44:36 GMT+0100 (sentraleuropeisk normaltid),69.05436012154183,17.395109630249465,39.90777773522827,-25,29,ISA,kritisk
vessel_1072_0,outbreak_synthetic_72,1072,Sogn Anlegg 72,Sun Oct 14 2018 12:30:12 GMT+0200 (sentraleuropeisk sommertid),61.91433708934381,5.1296435972138195,35.14195439108963,-6,26,PRV,kritisk
vessel_1073_0,outbreak_synthetic_73,1073,Hordaland Anlegg 73,Sun May 31 2020 22:32:23 GMT+0200 (sentraleuropeisk sommertid),60.81084079265176,6.49494598704515,40.11889650645157,5,35,SRS,kritisk
vessel_1074_0,outbreak_synthetic_74,1074,Sogn Anlegg 74,Wed Feb 24 2016 10:29:04 GMT+0100 (sentraleuropeisk normaltid),60.347398743399225,5.914153286807763,40.04430122490163,10,14,ISA,kritisk
vessel_1074_1,outbreak_synthetic_74,1074,Sogn Anlegg 74,Thu Mar 03 2016 14:36:27 GMT+0100 (sentraleuropeisk normaltid),60.38786994348666,5.884589415094346,39.83246767445536,-19,9,ISA,kritisk
vessel_1074_2,outbreak_synthetic_74,1074,Sogn Anlegg 74,Fri Feb 05 2016 00:05:31 GMT+0100 (sentraleuropeisk normaltid),60.35047243769063,5.951675426181739,26.349837946173395,4,15,ISA,kritisk
vessel_1075_0,outbreak_synthetic_75,1075,Møre Anlegg 75,Fri Sep 22 2017 06:47:27 GMT+0200 (sentraleuropeisk sommertid),62.790652576745934,4.764029537241425,29.07356815874448,26,32,ISA,kritisk
vessel_1075_1,outbreak_synthetic_75,1075,Møre Anlegg 75,Wed Oct 04 2017 22:59:01 GMT+0200 (sentraleuropeisk sommertid),62.82383317800575,4.759094949598003,19.74045949944019,-18,53,ISA,kritisk
vessel_1075_2,outbreak_synthetic_75,1075,Møre Anlegg 75,Sun Aug 27 2017 23:01:44 GMT+0200 (sentraleuropeisk sommertid),62.874004149989254,4.703227675265049,39.71173894545035,20,57,ISA,kritisk
vessel_1075_3,outbreak_synthetic_75,1075,Møre Anlegg 75,Wed Sep 20 2017 23:05:09 GMT+0200 (sentraleuropeisk sommertid),62.83812945393035,4.733388735615718,5.7829027464626535,-30,1,ISA,kritisk
vessel_1075_4,outbreak_synthetic_75,1075,Møre Anlegg 75,Sun Jul 30 2017 00:50:19 GMT+0200 (sentraleuropeisk sommertid),62.87286581738369,4.694009247366042,2.330403549491461,-1,17,ISA,kritisk
vessel_1076_0,outbreak_synthetic_76,1076,Sogn Anlegg 76,Wed Aug 07 2024 22:46:48 GMT+0200 (sentraleuropeisk sommertid),60.74567845917595,5.911913140430654,4.561065353117377,-23,11,ISA,kritisk
vessel_1076_1,outbreak_synthetic_76,1076,Sogn Anlegg 76,Fri Sep 13 2024 22:36:24 GMT+0200 (sentraleuropeisk sommertid),60.770365430809974,5.928267539755458,44.12908156211383,-5,21,ISA,kritisk
vessel_1076_2,outbreak_synthetic_76,1076,Sogn Anlegg 76,Wed Aug 28 2024 03:42:38 GMT+0200 (sentraleuropeisk sommertid),60.77882802738435,5.9465581614436775,30.89597408225247,-22,13,ISA,kritisk
vessel_1077_0,outbreak_synthetic_77,1077,Nord-Trøndelag Anlegg 77,Tue Aug 20 2024 03:32:25 GMT+0200 (sentraleuropeisk sommertid),65.83921387335695,11.18519334797737,49.61252221692006,0,10,PRV,kritisk
vessel_1077_1,outbreak_synthetic_77,1077,Nord-Trøndelag Anlegg 77,Fri Aug 09 2024 14:43:41 GMT+0200 (sentraleuropeisk sommertid),65.85168682704885,11.146781044664895,34.391278295655,-30,21,PRV,kritisk
vessel_1077_2,outbreak_synthetic_77,1077,Nord-Trøndelag Anlegg 77,Tue Jul 09 2024 07:44:12 GMT+0200 (sentraleuropeisk sommertid),65.86546773504857,11.218909730443261,34.68646795786001,4,25,PRV,kritisk
vessel_1078_0,outbreak_synthetic_78,1078,Sogn Anlegg 78,Thu Dec 21 2017 00:45:49 GMT+0100 (sentraleuropeisk normaltid),61.77521339735423,5.411136655964974,36.951101701048515,20,20,PRV,kritisk
vessel_1078_1,outbreak_synthetic_78,1078,Sogn Anlegg 78,Tue Dec 12 2017 08:18:18 GMT+0100 (sentraleuropeisk normaltid),61.72390570480953,5.391369969909362,36.938148113987324,22,27,PRV,kritisk
vessel_1078_2,outbreak_synthetic_78,1078,Sogn Anlegg 78,Fri Dec 01 2017 05:50:46 GMT+0100 (sentraleuropeisk normaltid),61.73623016654426,5.382099093737336,40.27073642860126,24,10,PRV,kritisk
vessel_1078_3,outbreak_synthetic_78,1078,Sogn Anlegg 78,Mon Dec 25 2017 05:53:36 GMT+0100 (sentraleuropeisk normaltid),61.776863132723946,5.413977046301317,26.28393213102508,-16,19,PRV,kritisk
vessel_1078_4,outbreak_synthetic_78,1078,Sogn Anlegg 78,Sun Dec 17 2017 01:39:18 GMT+0100 (sentraleuropeisk normaltid),61.74821496207835,5.464191609999226,1.766439282679333,0,36,PRV,kritisk
vessel_1079_0,outbreak_synthetic_79,1079,Nord-Trøndelag Anlegg 79,Sun Jun 03 2018 02:47:31 GMT+0200 (sentraleuropeisk sommertid),65.21852259172458,10.74928081929461,26.764562981064117,-11,24,ISA,kritisk
vessel_1079_1,outbreak_synthetic_79,1079,Nord-Trøndelag Anlegg 79,Thu May 31 2018 03:11:57 GMT+0200 (sentraleuropeisk sommertid),65.2462238125374,10.806106780547001,22.143770614944437,-9,10,ISA,kritisk
vessel_1079_2,outbreak_synthetic_79,1079,Nord-Trøndelag Anlegg 79,Sun May 27 2018 18:12:36 GMT+0200 (sentraleuropeisk sommertid),65.27774589807089,10.780934999196308,29.19948062627266,3,4,ISA,kritisk
vessel_1079_3,outbreak_synthetic_79,1079,Nord-Trøndelag Anlegg 79,Tue May 29 2018 18:50:34 GMT+0200 (sentraleuropeisk sommertid),65.28812599069717,10.720328989175748,48.82927541118167,3,19,ISA,kritisk
vessel_1080_0,outbreak_synthetic_80,1080,Troms Anlegg 80,Wed Sep 02 2020 06:50:32 GMT+0200 (sentraleuropeisk sommertid),68.5898986758033,16.88091619039147,49.32421923670699,-25,12,ISA,kritisk
vessel_1081_0,outbreak_synthetic_81,1081,Sogn Anlegg 81,Sun Jun 09 2019 15:17:01 GMT+0200 (sentraleuropeisk sommertid),61.3431852106032,6.46069302508335,32.24980361385351,-3,1,PD,kritisk
vessel_1082_0,outbreak_synthetic_82,1082,Nord-Trøndelag Anlegg 82,Sun Jan 01 2023 22:42:43 GMT+0100 (sentraleuropeisk normaltid),65.14199323753596,12.119382476931685,36.537616304874305,22,30,PRV,kritisk
vessel_1083_0,outbreak_synthetic_83,1083,Nord-Trøndelag Anlegg 83,Mon Nov 27 2023 10:39:17 GMT+0100 (sentraleuropeisk normaltid),64.50455173346484,11.92562938394994,25.303960873077756,19,39,SRS,kritisk
vessel_1083_1,outbreak_synthetic_83,1083,Nord-Trøndelag Anlegg 83,Thu Oct 05 2023 18:32:34 GMT+0200 (sentraleuropeisk sommertid),64.50399728508624,11.957785633557792,3.562586090361075,-16,70,SRS,kritisk
vessel_1083_2,outbreak_synthetic_83,1083,Nord-Trøndelag Anlegg 83,Fri Oct 13 2023 04:09:32 GMT+0200 (sentraleuropeisk sommertid),64.44512083716104,11.98464263706102,26.25581047444821,14,17,SRS,kritisk
vessel_1083_3,outbreak_synthetic_83,1083,Nord-Trøndelag Anlegg 83,Fri Dec 15 2023 22:03:24 GMT+0100 (sentraleuropeisk normaltid),64.4669845330287,12.000855552390098,7.420370914603414,-22,44,SRS,kritisk
vessel_1083_4,outbreak_synthetic_83,1083,Nord-Trøndelag Anlegg 83,Mon Nov 06 2023 03:40:58 GMT+0100 (sentraleuropeisk normaltid),64.51926951910478,12.005142043654997,9.877647087926523,-4,75,SRS,kritisk
vessel_1084_0,outbreak_synthetic_84,1084,Troms Anlegg 84,Fri Jan 25 2019 22:24:18 GMT+0100 (sentraleuropeisk normaltid),68.70555157486068,17.698985516558796,40.39818464546948,16,30,PD,kritisk
vessel_1084_1,outbreak_synthetic_84,1084,Troms Anlegg 84,Sun Jan 20 2019 14:48:34 GMT+0100 (sentraleuropeisk normaltid),68.67560557485872,17.725937128100092,34.22219664136664,-27,11,PD,kritisk
vessel_1084_2,outbreak_synthetic_84,1084,Troms Anlegg 84,Fri Feb 15 2019 11:09:21 GMT+0100 (sentraleuropeisk normaltid),68.7007630474832,17.71662869003862,19.347634876550696,0,1,PD,kritisk
vessel_1084_3,outbreak_synthetic_84,1084,Troms Anlegg 84,Sat Jan 26 2019 12:11:39 GMT+0100 (sentraleuropeisk normaltid),68.69022638126904,17.636067327188055,2.3255809642337475,17,63,PD,kritisk
vessel_1085_0,outbreak_synthetic_85,1085,Møre Anlegg 85,Sat Jul 15 2023 03:04:02 GMT+0200 (sentraleuropeisk sommertid),62.524951242614115,5.207764658898129,18.18178112658651,-10,28,ISA,kritisk
vessel_1086_0,outbreak_synthetic_86,1086,Hordaland Anlegg 86,Sat Jan 04 2020 23:15:10 GMT+0100 (sentraleuropeisk normaltid),61.008478522281756,5.612634853968249,22.5542899490949,-15,12,PD,kritisk
vessel_1086_1,outbreak_synthetic_86,1086,Hordaland Anlegg 86,Wed Jan 15 2020 06:23:05 GMT+0100 (sentraleuropeisk normaltid),61.018781941579135,5.669791341767201,44.95979455682679,-24,36,PD,kritisk
vessel_1086_2,outbreak_synthetic_86,1086,Hordaland Anlegg 86,Fri Jan 31 2020 23:28:21 GMT+0100 (sentraleuropeisk normaltid),60.97607214693239,5.640316849193624,9.283696372119692,-22,27,PD,kritisk
vessel_1087_0,outbreak_synthetic_87,1087,Sogn Anlegg 87,Fri Aug 09 2019 10:38:30 GMT+0200 (sentraleuropeisk sommertid),61.99761310362697,5.161060479653225,31.15294670534411,-21,4,PD,kritisk
vessel_1087_1,outbreak_synthetic_87,1087,Sogn Anlegg 87,Sat Aug 10 2019 15:36:00 GMT+0200 (sentraleuropeisk sommertid),61.95389863391259,5.148801458110521,47.34158492395438,29,4,PD,kritisk
vessel_1087_2,outbreak_synthetic_87,1087,Sogn Anlegg 87,Mon Aug 05 2019 16:59:58 GMT+0200 (sentraleuropeisk sommertid),61.96597632814765,5.14919257931581,27.889112600088815,-13,0,PD,kritisk
vessel_1087_3,outbreak_synthetic_87,1087,Sogn Anlegg 87,Sat Aug 03 2019 12:18:18 GMT+0200 (sentraleuropeisk sommertid),62.00762299880004,5.176061807921496,12.872381279666662,-5,2,PD,kritisk
vessel_1088_0,outbreak_synthetic_88,1088,Hordaland Anlegg 88,Wed Aug 05 2020 10:53:11 GMT+0200 (sentraleuropeisk sommertid),60.45112576659242,6.029323724465031,13.229674900272004,24,22,PRV,kritisk
vessel_1089_0,outbreak_synthetic_89,1089,Nord-Trøndelag Anlegg 89,Fri Sep 08 2023 15:01:26 GMT+0200 (sentraleuropeisk sommertid),64.82100249098421,11.371346555197404,25.386803387487237,4,7,ISA,kritisk
vessel_1089_1,outbreak_synthetic_89,1089,Nord-Trøndelag Anlegg 89,Sun Oct 01 2023 08:16:27 GMT+0200 (sentraleuropeisk sommertid),64.84007791546397,11.428075640835152,7.671074247759602,12,26,ISA,kritisk
vessel_1089_2,outbreak_synthetic_89,1089,Nord-Trøndelag Anlegg 89,Sat Oct 14 2023 17:31:14 GMT+0200 (sentraleuropeisk sommertid),64.86191415404603,11.443174715592129,46.16761455751988,13,39,ISA,kritisk
vessel_1090_0,outbreak_synthetic_90,1090,Troms Anlegg 90,Tue Nov 26 2024 09:05:17 GMT+0100 (sentraleuropeisk normaltid),68.80788434170584,16.223197955680224,46.19779618347097,11,22,ISA,kritisk
vessel_1090_1,outbreak_synthetic_90,1090,Troms Anlegg 90,Tue Nov 05 2024 07:45:12 GMT+0100 (sentraleuropeisk normaltid),68.77126345092441,16.26352587963875,49.43670092953833,29,16,ISA,kritisk
vessel_1090_2,outbreak_synthetic_90,1090,Troms Anlegg 90,Sun Oct 20 2024 15:59:29 GMT+0200 (sentraleuropeisk sommertid),68.82016153983105,16.208407799816342,10.47670141462923,28,33,ISA,kritisk
vessel_1090_3,outbreak_synthetic_90,1090,Troms Anlegg 90,Mon Oct 21 2024 08:25:46 GMT+0200 (sentraleuropeisk sommertid),68.80851516809008,16.213730696141702,37.54569303946182,24,25,ISA,kritisk
vessel_1091_0,outbreak_synthetic_91,1091,Hordaland Anlegg 91,Thu Aug 21 2025 04:54:05 GMT+0200 (sentraleuropeisk sommertid),60.65580209481569,5.787880690187119,30.087911716823296,-27,79,PRV,kritisk
vessel_1091_1,outbreak_synthetic_91,1091,Hordaland Anlegg 91,Mon Sep 15 2025 09:46:28 GMT+0200 (sentraleuropeisk sommertid),60.68482483865503,5.763325728681283,20.101910922090504,-11,2,PRV,kritisk
vessel_1091_2,outbreak_synthetic_91,1091,Hordaland Anlegg 91,Sun Oct 12 2025 21:32:40 GMT+0200 (sentraleuropeisk sommertid),60.65655663132725,5.756209234263396,38.267438826927645,-19,45,PRV,kritisk
vessel_1092_0,outbreak_synthetic_92,1092,Hordaland Anlegg 92,Sat Mar 24 2018 01:39:44 GMT+0100 (sentraleuropeisk normaltid),59.20989475984494,6.254943451301287,9.075009106318472,10,61,PRV,kritisk
vessel_1092_1,outbreak_synthetic_92,1092,Hordaland Anlegg 92,Tue Apr 03 2018 07:30:55 GMT+0200 (sentraleuropeisk sommertid),59.14130925308178,6.305884368232483,21.331850217600195,24,50,PRV,kritisk
vessel_1092_2,outbreak_synthetic_92,1092,Hordaland Anlegg 92,Tue May 29 2018 16:36:08 GMT+0200 (sentraleuropeisk sommertid),59.194474438349076,6.25066552056409,43.399543403366664,1,34,PRV,kritisk
vessel_1092_3,outbreak_synthetic_92,1092,Hordaland Anlegg 92,Wed Apr 25 2018 15:01:36 GMT+0200 (sentraleuropeisk sommertid),59.21247455490825,6.262451119915962,19.452012475328708,14,80,PRV,kritisk
vessel_1093_0,outbreak_synthetic_93,1093,Nord-Trøndelag Anlegg 93,Fri Jan 23 2026 23:59:30 GMT+0100 (sentraleuropeisk normaltid),65.4821310627214,12.231902831863431,12.501806614440946,11,61,SRS,moderat
vessel_1093_1,outbreak_synthetic_93,1093,Nord-Trøndelag Anlegg 93,Mon Jan 05 2026 03:53:35 GMT+0100 (sentraleuropeisk normaltid),65.4909258215736,12.238316916006724,13.372321176035173,7,46,SRS,moderat
vessel_1094_0,outbreak_synthetic_94,1094,Nord-Trøndelag Anlegg 94,Fri Jun 21 2019 23:10:41 GMT+0200 (sentraleuropeisk sommertid),64.7466126231557,10.932158634776727,36.73784852758999,6,14,PRV,kritisk
vessel_1094_1,outbreak_synthetic_94,1094,Nord-Trøndelag Anlegg 94,Fri Jun 14 2019 03:44:54 GMT+0200 (sentraleuropeisk sommertid),64.6959129329043,10.982392984695528,41.12555576174315,-7,0,PRV,kritisk
vessel_1094_2,outbreak_synthetic_94,1094,Nord-Trøndelag Anlegg 94,Tue Jun 04 2019 07:53:10 GMT+0200 (sentraleuropeisk sommertid),64.76139457614087,10.957053197113751,38.83621505447821,3,20,PRV,kritisk
vessel_1094_3,outbreak_synthetic_94,1094,Nord-Trøndelag Anlegg 94,Sun Jun 23 2019 11:28:23 GMT+0200 (sentraleuropeisk sommertid),64.69747698954582,10.970510896557114,5.399948190117337,28,21,PRV,kritisk
vessel_1095_0,outbreak_synthetic_95,1095,Sogn Anlegg 95,Sat Feb 20 2021 20:01:22 GMT+0100 (sentraleuropeisk normaltid),61.782832450855935,6.299642300927478,35.83450780545563,4,14,ISA,kritisk
vessel_1095_1,outbreak_synthetic_95,1095,Sogn Anlegg 95,Tue Feb 09 2021 03:29:46 GMT+0100 (sentraleuropeisk normaltid),61.81269520344716,6.204295761392541,37.381013817836426,-30,21,ISA,kritisk
vessel_1095_2,outbreak_synthetic_95,1095,Sogn Anlegg 95,Fri Mar 05 2021 07:12:10 GMT+0100 (sentraleuropeisk normaltid),61.80770925589079,6.2113748606925725,9.103685541028872,20,6,ISA,kritisk
vessel_1096_0,outbreak_synthetic_96,1096,Troms Anlegg 96,Mon Dec 24 2018 02:25:09 GMT+0100 (sentraleuropeisk normaltid),67.96255149481432,16.40725379222342,31.272667227141692,11,7,PD,kritisk
vessel_1096_1,outbreak_synthetic_96,1096,Troms Anlegg 96,Sun Dec 16 2018 03:50:15 GMT+0100 (sentraleuropeisk normaltid),67.9862050665366,16.468278800451063,17.565840102168618,2,6,PD,kritisk
vessel_1096_2,outbreak_synthetic_96,1096,Troms Anlegg 96,Thu Dec 27 2018 21:27:24 GMT+0100 (sentraleuropeisk normaltid),68.03977788137546,16.394836464848186,37.09884486924504,18,10,PD,kritisk
vessel_1096_3,outbreak_synthetic_96,1096,Troms Anlegg 96,Fri Dec 21 2018 08:43:20 GMT+0100 (sentraleuropeisk normaltid),67.9595598098377,16.437845195297633,11.225650298229073,21,7,PD,kritisk
vessel_1097_0,outbreak_synthetic_97,1097,Nord-Trøndelag Anlegg 97,Sun Nov 28 2021 15:53:18 GMT+0100 (sentraleuropeisk normaltid),64.31330423641197,11.295197702162717,33.95374819746908,9,14,SRS,kritisk
vessel_1097_1,outbreak_synthetic_97,1097,Nord-Trøndelag Anlegg 97,Fri Dec 24 2021 14:33:48 GMT+0100 (sentraleuropeisk normaltid),64.25298574134231,11.265754468527401,16.584823349329884,-5,41,SRS,kritisk
vessel_1097_2,outbreak_synthetic_97,1097,Nord-Trøndelag Anlegg 97,Sun Dec 19 2021 02:56:30 GMT+0100 (sentraleuropeisk normaltid),64.21721029747665,11.28768895348996,45.351952558038015,0,44,SRS,kritisk
vessel_1097_3,outbreak_synthetic_97,1097,Nord-Trøndelag Anlegg 97,Thu Dec 02 2021 10:46:25 GMT+0100 (sentraleuropeisk normaltid),64.2255051800375,11.265390655350892,11.106553772700629,9,12,SRS,kritisk
vessel_1098_0,outbreak_synthetic_98,1098,Troms Anlegg 98,Fri Sep 28 2018 08:52:16 GMT+0200 (sentraleuropeisk sommertid),69.41954504319382,17.5129356077902,45.74913284646729,-22,25,SRS,kritisk
vessel_1099_0,outbreak_synthetic_99,1099,Sogn Anlegg 99,Sat Apr 07 2018 19:16:05 GMT+0200 (sentraleuropeisk sommertid),60.09328349695179,5.617622507139629,25.116426793989987,15,8,ISA,kritisk
vessel_1099_1,outbreak_synthetic_99,1099,Sogn Anlegg 99,Mon Apr 02 2018 06:15:45 GMT+0200 (sentraleuropeisk sommertid),60.11918830931909,5.589889653476416,49.591569991724796,25,21,ISA,kritisk
vessel_1099_2,outbreak_synthetic_99,1099,Sogn Anlegg 99,Tue Apr 17 2018 22:52:13 GMT+0200 (sentraleuropeisk sommertid),60.10248206702966,5.5683339411669195,49.83837058596047,15,1,ISA,kritisk
vessel_1099_3,outbreak_synthetic_99,1099,Sogn Anlegg 99,Mon Apr 23 2018 20:39:54 GMT+0200 (sentraleuropeisk sommertid),60.15748821885314,5.5788124062666435,19.483393627128997,22,18,ISA,kritisk
vessel_1099_4,outbreak_synthetic_99,1099,Sogn Anlegg 99,Fri Apr 27 2018 18:03:44 GMT+0200 (sentraleuropeisk sommertid),60.15495094809313,5.594402515890688,29.215941593299522,20,23,ISA,kritisk
vessel_1100_0,outbreak_synthetic_100,1100,Hordaland Anlegg 100,Mon Jul 24 2023 21:21:32 GMT+0200 (sentraleuropeisk sommertid),60.30130574647385,4.6945394770140485,44.48132335155438,-18,24,ISA,kritisk
vessel_1100_1,outbreak_synthetic_100,1100,Hordaland Anlegg 100,Sat Aug 26 2023 17:57:08 GMT+0200 (sentraleuropeisk sommertid),60.25814575694477,4.701255758325213,47.07281027621338,2,22,ISA,kritisk
vessel_1101_0,outbreak_synthetic_101,1101,Troms Anlegg 101,Thu Oct 06 2016 11:37:25 GMT+0200 (sentraleuropeisk sommertid),69.4708032836544,16.35239872637613,32.60210780217865,-17,14,PRV,kritisk
vessel_1101_1,outbreak_synthetic_101,1101,Troms Anlegg 101,Thu Oct 27 2016 12:02:21 GMT+0200 (sentraleuropeisk sommertid),69.4255181464145,16.432040876259553,40.03587611209889,5,11,PRV,kritisk
vessel_1101_2,outbreak_synthetic_101,1101,Troms Anlegg 101,Thu Oct 27 2016 18:45:37 GMT+0200 (sentraleuropeisk sommertid),69.46223495794851,16.36640754456918,14.146237615865942,17,27,PRV,kritisk
vessel_1101_3,outbreak_synthetic_101,1101,Troms Anlegg 101,Sat Oct 08 2016 16:49:11 GMT+0200 (sentraleuropeisk sommertid),69.45217299068248,16.404168587336894,9.933091093239138,-12,2,PRV,kritisk
vessel_1101_4,outbreak_synthetic_101,1101,Troms Anlegg 101,Mon Oct 10 2016 19:08:05 GMT+0200 (sentraleuropeisk sommertid),69.48229088934981,16.39235132878354,39.652409750835794,27,26,PRV,kritisk
vessel_1102_0,outbreak_synthetic_102,1102,Sogn Anlegg 102,Sat Dec 23 2017 19:18:32 GMT+0100 (sentraleuropeisk normaltid),61.49021719647632,6.434503811194495,21.197916208746314,-22,35,ISA,kritisk
vessel_1102_1,outbreak_synthetic_102,1102,Sogn Anlegg 102,Sat Dec 09 2017 21:32:54 GMT+0100 (sentraleuropeisk normaltid),61.55483505594394,6.484294432379062,18.493408725132106,17,13,ISA,kritisk
vessel_1102_2,outbreak_synthetic_102,1102,Sogn Anlegg 102,Thu Jan 25 2018 01:36:54 GMT+0100 (sentraleuropeisk normaltid),61.57626457723833,6.421329061436953,22.11960943708408,14,14,ISA,kritisk
vessel_1102_3,outbreak_synthetic_102,1102,Sogn Anlegg 102,Thu Dec 14 2017 06:49:17 GMT+0100 (sentraleuropeisk normaltid),61.524439639228426,6.447838625274025,41.58961183308899,21,66,ISA,kritisk
vessel_1102_4,outbreak_synthetic_102,1102,Sogn Anlegg 102,Mon Nov 20 2017 09:01:21 GMT+0100 (sentraleuropeisk normaltid),61.56759135072089,6.453636653931281,14.360529262719195,-15,37,ISA,kritisk
vessel_1103_0,outbreak_synthetic_103,1103,Troms Anlegg 103,Sun Dec 11 2022 15:26:42 GMT+0100 (sentraleuropeisk normaltid),68.5523468209119,17.267348844027225,36.87581549930534,-5,31,SRS,kritisk
vessel_1103_1,outbreak_synthetic_103,1103,Troms Anlegg 103,Mon Dec 19 2022 19:18:39 GMT+0100 (sentraleuropeisk normaltid),68.49806340255694,17.26068859523055,5.39090140497771,-13,22,SRS,kritisk
vessel_1103_2,outbreak_synthetic_103,1103,Troms Anlegg 103,Fri Dec 16 2022 08:36:23 GMT+0100 (sentraleuropeisk normaltid),68.54594427649832,17.258336348113705,1.615133977587263,11,49,SRS,kritisk
vessel_1103_3,outbreak_synthetic_103,1103,Troms Anlegg 103,Fri Dec 16 2022 10:16:37 GMT+0100 (sentraleuropeisk normaltid),68.5314427769332,17.29494913844219,1.433420918610978,13,69,SRS,kritisk
vessel_1104_0,outbreak_synthetic_104,1104,Nord-Trøndelag Anlegg 104,Wed Jun 16 2021 11:41:23 GMT+0200 (sentraleuropeisk sommertid),65.48558690147907,11.0645115099041,10.80774921525338,13,16,ISA,kritisk
vessel_1105_0,outbreak_synthetic_105,1105,Sogn Anlegg 105,Sun May 07 2017 13:23:41 GMT+0200 (sentraleuropeisk sommertid),60.61805588045505,6.303140062104187,0.6452492347266803,10,1,PRV,kritisk
vessel_1105_1,outbreak_synthetic_105,1105,Sogn Anlegg 105,Fri May 05 2017 19:14:28 GMT+0200 (sentraleuropeisk sommertid),60.57066191505877,6.304591400170424,11.819470532446385,-20,12,PRV,kritisk
vessel_1105_2,outbreak_synthetic_105,1105,Sogn Anlegg 105,Fri Jul 14 2017 08:28:47 GMT+0200 (sentraleuropeisk sommertid),60.630244061322315,6.350429004068075,2.238041374672023,-5,12,PRV,kritisk
vessel_1105_3,outbreak_synthetic_105,1105,Sogn Anlegg 105,Thu Jun 29 2017 04:42:04 GMT+0200 (sentraleuropeisk sommertid),60.54848951419586,6.316563091088377,48.83662148580407,16,16,PRV,kritisk
vessel_1106_0,outbreak_synthetic_106,1106,Troms Anlegg 106,Sun Dec 03 2023 18:49:39 GMT+0100 (sentraleuropeisk normaltid),68.90464265010387,17.47333921189767,15.111619902855988,9,0,ISA,kritisk
vessel_1106_1,outbreak_synthetic_106,1106,Troms Anlegg 106,Fri Nov 24 2023 04:14:45 GMT+0100 (sentraleuropeisk normaltid),68.86761859823346,17.416979174166602,47.00271222403617,9,20,ISA,kritisk
vessel_1106_2,outbreak_synthetic_106,1106,Troms Anlegg 106,Fri Dec 08 2023 18:48:16 GMT+0100 (sentraleuropeisk normaltid),68.83884325768973,17.487093692342885,12.53883626586963,-29,29,ISA,kritisk
vessel_1107_0,outbreak_synthetic_107,1107,Nord-Trøndelag Anlegg 107,Sat Jan 21 2017 21:22:13 GMT+0100 (sentraleuropeisk normaltid),64.4394435281498,10.854110081986128,28.094518626499998,7,11,PRV,kritisk
vessel_1107_1,outbreak_synthetic_107,1107,Nord-Trøndelag Anlegg 107,Sat Jan 21 2017 08:29:59 GMT+0100 (sentraleuropeisk normaltid),64.45420458109852,10.855110479070166,12.38166259719637,14,14,PRV,kritisk
vessel_1108_0,outbreak_synthetic_108,1108,Møre Anlegg 108,Tue Jan 31 2017 16:03:04 GMT+0100 (sentraleuropeisk normaltid),62.159555975515445,5.684330887011294,0.14343633277216217,-14,27,SRS,kritisk
vessel_1108_1,outbreak_synthetic_108,1108,Møre Anlegg 108,Mon Jan 23 2017 17:05:03 GMT+0100 (sentraleuropeisk normaltid),62.2070888817473,5.653097675731792,32.49094651560081,-12,34,SRS,kritisk
vessel_1108_2,outbreak_synthetic_108,1108,Møre Anlegg 108,Tue Jan 31 2017 11:35:22 GMT+0100 (sentraleuropeisk normaltid),62.20999042158479,5.663358542429538,43.26215408697436,-25,29,SRS,kritisk
vessel_1109_0,outbreak_synthetic_109,1109,Sogn Anlegg 109,Thu Apr 21 2016 07:10:14 GMT+0200 (sentraleuropeisk sommertid),61.02270690690708,5.229211123441951,48.94374221329525,29,4,PD,kritisk
vessel_1109_1,outbreak_synthetic_109,1109,Sogn Anlegg 109,Sun Apr 10 2016 11:32:06 GMT+0200 (sentraleuropeisk sommertid),61.03256511745052,5.258634490168097,35.35303536920775,12,18,PD,kritisk
vessel_1109_2,outbreak_synthetic_109,1109,Sogn Anlegg 109,Sat Apr 16 2016 10:48:50 GMT+0200 (sentraleuropeisk sommertid),60.99015636154354,5.222204625469366,22.67506162368263,-6,25,PD,kritisk
vessel_1109_3,outbreak_synthetic_109,1109,Sogn Anlegg 109,Sat Apr 16 2016 05:46:06 GMT+0200 (sentraleuropeisk sommertid),61.01232831597348,5.301662610382352,27.851389497458623,-17,23,PD,kritisk
vessel_1110_0,outbreak_synthetic_110,1110,Hordaland Anlegg 110,Wed Jul 11 2018 06:10:31 GMT+0200 (sentraleuropeisk sommertid),60.805311919509606,4.8438265772568885,11.13672753151963,-29,49,ISA,kritisk
vessel_1110_1,outbreak_synthetic_110,1110,Hordaland Anlegg 110,Tue Jul 10 2018 22:50:05 GMT+0200 (sentraleuropeisk sommertid),60.80873550007083,4.796632742244478,8.844653939987179,-17,38,ISA,kritisk
vessel_1111_0,outbreak_synthetic_111,1111,Møre Anlegg 111,Fri Sep 17 2021 06:08:19 GMT+0200 (sentraleuropeisk sommertid),62.04037204673227,5.457899583661043,37.472230397647685,-14,33,SRS,kritisk
vessel_1111_1,outbreak_synthetic_111,1111,Møre Anlegg 111,Sat Nov 06 2021 20:22:27 GMT+0100 (sentraleuropeisk normaltid),62.05833864070924,5.484902148826222,33.695355030482986,1,38,SRS,kritisk
vessel_1111_2,outbreak_synthetic_111,1111,Møre Anlegg 111,Wed Sep 22 2021 14:14:30 GMT+0200 (sentraleuropeisk sommertid),62.10446951960533,5.413555490912042,27.1133306264885,17,17,SRS,kritisk
vessel_1112_0,outbreak_synthetic_112,1112,Troms Anlegg 112,Tue Dec 05 2017 16:56:53 GMT+0100 (sentraleuropeisk normaltid),68.25914271270705,17.758212268319042,45.88687366797344,-24,14,ISA,kritisk
vessel_1112_1,outbreak_synthetic_112,1112,Troms Anlegg 112,Tue Dec 19 2017 21:13:32 GMT+0100 (sentraleuropeisk normaltid),68.2392886390137,17.740504226462214,21.487960726681198,27,21,ISA,kritisk
vessel_1112_2,outbreak_synthetic_112,1112,Troms Anlegg 112,Tue Dec 12 2017 01:00:45 GMT+0100 (sentraleuropeisk normaltid),68.2582946153635,17.68948550121883,18.845086123227823,10,5,ISA,kritisk
vessel_1113_0,outbreak_synthetic_113,1113,Hordaland Anlegg 113,Sat Aug 22 2020 13:14:57 GMT+0200 (sentraleuropeisk sommertid),59.927185141086014,5.828674459282793,3.254890973241559,-12,20,ISA,kritisk
vessel_1113_1,outbreak_synthetic_113,1113,Hordaland Anlegg 113,Tue Sep 15 2020 12:57:56 GMT+0200 (sentraleuropeisk sommertid),59.92550259781701,5.858381535471549,3.4627582542786195,-26,35,ISA,kritisk
vessel_1113_2,outbreak_synthetic_113,1113,Hordaland Anlegg 113,Mon Jul 27 2020 21:41:33 GMT+0200 (sentraleuropeisk sommertid),59.989922637451876,5.819743468096532,0.2870183550367389,-11,2,ISA,kritisk
vessel_1113_3,outbreak_synthetic_113,1113,Hordaland Anlegg 113,Sun Aug 23 2020 09:05:27 GMT+0200 (sentraleuropeisk sommertid),59.98650945646343,5.854511322551806,23.14170391795444,9,33,ISA,kritisk
vessel_1113_4,outbreak_synthetic_113,1113,Hordaland Anlegg 113,Fri Sep 11 2020 12:48:58 GMT+0200 (sentraleuropeisk sommertid),59.92899887638784,5.827707532157121,11.414088188746835,25,58,ISA,kritisk
vessel_1114_0,outbreak_synthetic_114,1114,Møre Anlegg 114,Tue Dec 11 2018 05:25:44 GMT+0100 (sentraleuropeisk normaltid),61.67239413900777,5.968309096581947,26.092798273460467,5,6,SRS,kritisk
vessel_1114_1,outbreak_synthetic_114,1114,Møre Anlegg 114,Wed Nov 28 2018 14:23:18 GMT+0100 (sentraleuropeisk normaltid),61.69280688345757,5.950113471181474,36.0149005384686,15,44,SRS,kritisk
vessel_1114_2,outbreak_synthetic_114,1114,Møre Anlegg 114,Sun Dec 16 2018 09:16:35 GMT+0100 (sentraleuropeisk normaltid),61.70926364872051,5.9438740526982805,15.72746972923545,-7,19,SRS,kritisk
vessel_1115_0,outbreak_synthetic_115,1115,Troms Anlegg 115,Thu Sep 18 2025 22:42:13 GMT+0200 (sentraleuropeisk sommertid),68.54196464429921,17.61337481457217,34.48652091788658,19,9,SRS,kritisk
vessel_1115_1,outbreak_synthetic_115,1115,Troms Anlegg 115,Thu Sep 25 2025 00:37:52 GMT+0200 (sentraleuropeisk sommertid),68.56528136605894,17.625269996205542,9.423559609578131,-28,6,SRS,kritisk
vessel_1116_0,outbreak_synthetic_116,1116,Troms Anlegg 116,Sun Jul 28 2019 13:43:48 GMT+0200 (sentraleuropeisk sommertid),67.5366487828771,17.192296766545955,49.6310372821274,1,83,ISA,kritisk
vessel_1117_0,outbreak_synthetic_117,1117,Hordaland Anlegg 117,Sun Dec 28 2025 12:17:10 GMT+0100 (sentraleuropeisk normaltid),59.683727416203766,5.419201710668374,41.47205222889993,15,56,PD,moderat
vessel_1118_0,outbreak_synthetic_118,1118,Sogn Anlegg 118,Tue Feb 22 2022 12:35:23 GMT+0100 (sentraleuropeisk normaltid),60.35947103880872,6.209546566833531,0.384248402400289,5,15,ISA,kritisk
vessel_1119_0,outbreak_synthetic_119,1119,Nord-Trøndelag Anlegg 119,Tue Feb 16 2021 10:28:45 GMT+0100 (sentraleuropeisk normaltid),64.61962330396045,11.769540510115425,29.570123441715275,0,3,SRS,kritisk
vessel_1119_1,outbreak_synthetic_119,1119,Nord-Trøndelag Anlegg 119,Sat Feb 20 2021 14:33:31 GMT+0100 (sentraleuropeisk normaltid),64.69214179912169,11.68286140361108,0.8169757422681223,-23,2,SRS,kritisk
vessel_1119_2,outbreak_synthetic_119,1119,Nord-Trøndelag Anlegg 119,Tue Feb 16 2021 11:57:43 GMT+0100 (sentraleuropeisk normaltid),64.61972931288474,11.705478026292909,25.19975785574448,-20,1,SRS,kritisk
vessel_1119_3,outbreak_synthetic_119,1119,Nord-Trøndelag Anlegg 119,Tue Feb 16 2021 06:07:29 GMT+0100 (sentraleuropeisk normaltid),64.67648128481859,11.732970523672424,8.51365474710576,-26,1,SRS,kritisk
vessel_1120_0,outbreak_synthetic_120,1120,Møre Anlegg 120,Sun Nov 09 2025 00:44:23 GMT+0100 (sentraleuropeisk normaltid),62.871159514827525,5.228218878011037,43.300282558591654,20,23,ISA,kritisk
vessel_1120_1,outbreak_synthetic_120,1120,Møre Anlegg 120,Thu Nov 27 2025 16:01:08 GMT+0100 (sentraleuropeisk normaltid),62.84832116500316,5.2137119895484805,4.283048940555773,11,24,ISA,kritisk
vessel_1120_2,outbreak_synthetic_120,1120,Møre Anlegg 120,Sun Nov 30 2025 17:52:55 GMT+0100 (sentraleuropeisk normaltid),62.870685370298226,5.170834708755957,20.925168989000248,3,11,ISA,kritisk
vessel_1120_3,outbreak_synthetic_120,1120,Møre Anlegg 120,Sat Nov 15 2025 20:41:20 GMT+0100 (sentraleuropeisk normaltid),62.82414741310243,5.221064941740434,10.978350075427134,-12,38,ISA,kritisk
vessel_1120_4,outbreak_synthetic_120,1120,Møre Anlegg 120,Mon Nov 24 2025 00:58:38 GMT+0100 (sentraleuropeisk normaltid),62.82187983424891,5.180830543968931,43.87328723782943,7,0,ISA,kritisk
vessel_1121_0,outbreak_synthetic_121,1121,Nord-Trøndelag Anlegg 121,Mon Mar 28 2022 19:15:50 GMT+0200 (sentraleuropeisk sommertid),64.87164409614701,10.969944228067954,25.282499136134557,-14,11,PD,kritisk
vessel_1121_1,outbreak_synthetic_121,1121,Nord-Trøndelag Anlegg 121,Sat Mar 26 2022 05:56:44 GMT+0100 (sentraleuropeisk normaltid),64.91143892689357,10.918300906117446,26.008701965965496,21,51,PD,kritisk
vessel_1121_2,outbreak_synthetic_121,1121,Nord-Trøndelag Anlegg 121,Fri Feb 11 2022 12:00:38 GMT+0100 (sentraleuropeisk normaltid),64.85617550887531,10.92927016592601,2.7890884198580714,-24,49,PD,kritisk
vessel_1121_3,outbreak_synthetic_121,1121,Nord-Trøndelag Anlegg 121,Sat Mar 26 2022 00:45:54 GMT+0100 (sentraleuropeisk normaltid),64.88797870420973,10.998742751389573,20.089852312647572,-14,50,PD,kritisk
vessel_1122_0,outbreak_synthetic_122,1122,Troms Anlegg 122,Sat Sep 09 2017 14:22:39 GMT+0200 (sentraleuropeisk sommertid),68.15481265139775,17.02871834928896,32.467226937935735,-24,9,PD,kritisk
vessel_1122_1,outbreak_synthetic_122,1122,Troms Anlegg 122,Fri Sep 15 2017 21:22:10 GMT+0200 (sentraleuropeisk sommertid),68.15298044842287,17.03974569689563,7.053753392190821,-5,18,PD,kritisk
vessel_1122_2,outbreak_synthetic_122,1122,Troms Anlegg 122,Fri Sep 08 2017 18:27:45 GMT+0200 (sentraleuropeisk sommertid),68.19283014436388,17.010586022968724,30.57073488519747,-11,12,PD,kritisk
vessel_1123_0,outbreak_synthetic_123,1123,Troms Anlegg 123,Tue Oct 19 2021 17:17:59 GMT+0200 (sentraleuropeisk sommertid),68.31698558737352,16.59907292989058,31.830172658957196,-14,42,PD,kritisk
vessel_1123_1,outbreak_synthetic_123,1123,Troms Anlegg 123,Fri Oct 29 2021 00:36:02 GMT+0200 (sentraleuropeisk sommertid),68.32639199075467,16.594280869932636,20.00154297779071,9,43,PD,kritisk
vessel_1123_2,outbreak_synthetic_123,1123,Troms Anlegg 123,Thu Aug 19 2021 20:05:41 GMT+0200 (sentraleuropeisk sommertid),68.36872511557735,16.6341318133276,39.60599788861174,4,48,PD,kritisk
vessel_1123_3,outbreak_synthetic_123,1123,Troms Anlegg 123,Tue Oct 12 2021 21:39:23 GMT+0200 (sentraleuropeisk sommertid),68.37686849673865,16.625093300397857,3.4544301752161886,17,67,PD,kritisk
vessel_1123_4,outbreak_synthetic_123,1123,Troms Anlegg 123,Mon Oct 18 2021 00:18:39 GMT+0200 (sentraleuropeisk sommertid),68.36483097029931,16.613802851286298,44.1012516054333,2,7,PD,kritisk
vessel_1124_0,outbreak_synthetic_124,1124,Troms Anlegg 124,Fri Mar 03 2017 13:17:24 GMT+0100 (sentraleuropeisk normaltid),69.43946150397728,17.876490287373276,10.7041008673756,23,2,PRV,kritisk
vessel_1125_0,outbreak_synthetic_125,1125,Møre Anlegg 125,Sun Jun 14 2020 17:52:05 GMT+0200 (sentraleuropeisk sommertid),62.203346037006874,5.852782551338894,14.23535220664584,15,27,PD,kritisk
vessel_1125_1,outbreak_synthetic_125,1125,Møre Anlegg 125,Wed Jun 17 2020 22:48:29 GMT+0200 (sentraleuropeisk sommertid),62.214444622165324,5.862412421603845,43.736942738191594,27,15,PD,kritisk
vessel_1125_2,outbreak_synthetic_125,1125,Møre Anlegg 125,Tue Jun 30 2020 08:42:12 GMT+0200 (sentraleuropeisk sommertid),62.16421867005298,5.828117824286916,26.188945266055914,-23,6,PD,kritisk
vessel_1125_3,outbreak_synthetic_125,1125,Møre Anlegg 125,Wed Jun 17 2020 10:54:35 GMT+0200 (sentraleuropeisk sommertid),62.16993956234689,5.830540245022348,47.17309803665554,26,15,PD,kritisk
vessel_1126_0,outbreak_synthetic_126,1126,Nord-Trøndelag Anlegg 126,Tue Sep 11 2018 01:07:37 GMT+0200 (sentraleuropeisk sommertid),65.90746121876133,11.53766640914594,40.0326912137348,-14,53,PRV,kritisk
vessel_1127_0,outbreak_synthetic_127,1127,Nord-Trøndelag Anlegg 127,Fri May 03 2019 01:39:02 GMT+0200 (sentraleuropeisk sommertid),64.4323222439519,12.037511475270904,20.89035128001005,-23,3,SRS,kritisk
vessel_1127_1,outbreak_synthetic_127,1127,Nord-Trøndelag Anlegg 127,Tue May 07 2019 04:04:14 GMT+0200 (sentraleuropeisk sommertid),64.46699825562405,12.07661333865688,37.288489673002765,10,1,SRS,kritisk
vessel_1127_2,outbreak_synthetic_127,1127,Nord-Trøndelag Anlegg 127,Sun May 05 2019 04:56:56 GMT+0200 (sentraleuropeisk sommertid),64.43963765843219,12.051421347805704,29.05483151365344,-30,3,SRS,kritisk
vessel_1128_0,outbreak_synthetic_128,1128,Sogn Anlegg 128,Fri Jul 06 2018 03:23:58 GMT+0200 (sentraleuropeisk sommertid),60.37041062655,6.12453843601455,47.47811097272474,28,12,PD,kritisk
vessel_1129_0,outbreak_synthetic_129,1129,Troms Anlegg 129,Fri Feb 10 2023 18:29:35 GMT+0100 (sentraleuropeisk normaltid),69.2909804130394,16.868908163289206,40.75403313554099,8,35,SRS,kritisk
vessel_1129_1,outbreak_synthetic_129,1129,Troms Anlegg 129,Sun Feb 19 2023 17:17:47 GMT+0100 (sentraleuropeisk normaltid),69.28410474985773,16.866191058397213,17.768780774312404,15,16,SRS,kritisk
vessel_1129_2,outbreak_synthetic_129,1129,Troms Anlegg 129,Mon Mar 06 2023 11:38:51 GMT+0100 (sentraleuropeisk normaltid),69.33983449419797,16.830543629780205,1.9866571613104789,-4,43,SRS,kritisk
vessel_1129_3,outbreak_synthetic_129,1129,Troms Anlegg 129,Fri Feb 24 2023 00:16:57 GMT+0100 (sentraleuropeisk normaltid),69.27868828570224,16.888681798866873,15.983728881029286,21,24,SRS,kritisk
vessel_1129_4,outbreak_synthetic_129,1129,Troms Anlegg 129,Tue Jan 31 2023 05:28:41 GMT+0100 (sentraleuropeisk normaltid),69.35391260493414,16.889957204200638,49.18594264570759,22,12,SRS,kritisk
vessel_1130_0,outbreak_synthetic_130,1130,Hordaland Anlegg 130,Tue Jan 11 2022 09:26:28 GMT+0100 (sentraleuropeisk normaltid),60.76062022219436,5.515781917057827,7.141590683587978,17,50,SRS,kritisk
vessel_1131_0,outbreak_synthetic_131,1131,Hordaland Anlegg 131,Mon Feb 24 2025 20:48:28 GMT+0100 (sentraleuropeisk normaltid),60.92975444702706,4.839666968069497,35.40382721217323,8,24,ISA,kritisk
vessel_1131_1,outbreak_synthetic_131,1131,Hordaland Anlegg 131,Tue Mar 18 2025 20:54:50 GMT+0100 (sentraleuropeisk normaltid),60.9770087900329,4.82865121838312,25.641477234277062,-2,54,ISA,kritisk
vessel_1131_2,outbreak_synthetic_131,1131,Hordaland Anlegg 131,Sat Mar 08 2025 14:43:35 GMT+0100 (sentraleuropeisk normaltid),60.94033905801332,4.846740360353391,28.54113514065012,22,26,ISA,kritisk
vessel_1132_0,outbreak_synthetic_132,1132,Hordaland Anlegg 132,Tue Apr 01 2025 11:10:43 GMT+0200 (sentraleuropeisk sommertid),59.74489952023158,6.474660057553734,40.30869036213822,29,24,SRS,kritisk
vessel_1132_1,outbreak_synthetic_132,1132,Hordaland Anlegg 132,Tue Apr 01 2025 04:17:30 GMT+0200 (sentraleuropeisk sommertid),59.78037219221476,6.4715615264847655,23.185991304412962,-26,65,SRS,kritisk
vessel_1133_0,outbreak_synthetic_133,1133,Troms Anlegg 133,Sat Dec 30 2023 11:14:05 GMT+0100 (sentraleuropeisk normaltid),69.0907275811905,16.461557292768468,3.7925967963640614,-6,49,PRV,kritisk
vessel_1133_1,outbreak_synthetic_133,1133,Troms Anlegg 133,Sat Dec 23 2023 10:56:29 GMT+0100 (sentraleuropeisk normaltid),69.05939569081201,16.42169215681757,42.217897461510425,21,15,PRV,kritisk
vessel_1133_2,outbreak_synthetic_133,1133,Troms Anlegg 133,Thu Jan 11 2024 22:51:10 GMT+0100 (sentraleuropeisk normaltid),69.03343867302972,16.413411550482724,17.018123746498524,-23,47,PRV,kritisk
vessel_1134_0,outbreak_synthetic_134,1134,Sogn Anlegg 134,Sat Jun 25 2016 05:47:43 GMT+0200 (sentraleuropeisk sommertid),60.36068568680382,5.8689869626849696,40.70156359088564,21,5,PD,kritisk
vessel_1135_0,outbreak_synthetic_135,1135,Nord-Trøndelag Anlegg 135,Sat Mar 23 2024 07:50:26 GMT+0100 (sentraleuropeisk normaltid),65.66062335239629,12.172186212831635,30.29091862391472,-20,22,ISA,kritisk
vessel_1135_1,outbreak_synthetic_135,1135,Nord-Trøndelag Anlegg 135,Fri Apr 05 2024 02:50:53 GMT+0200 (sentraleuropeisk sommertid),65.59378038231854,12.187003680977327,1.2154082605923822,23,13,ISA,kritisk
vessel_1135_2,outbreak_synthetic_135,1135,Nord-Trøndelag Anlegg 135,Mon Apr 01 2024 07:24:32 GMT+0200 (sentraleuropeisk sommertid),65.59493320301232,12.168104716862286,41.66634258772054,-21,48,ISA,kritisk
vessel_1136_0,outbreak_synthetic_136,1136,Hordaland Anlegg 136,Sun Mar 28 2021 20:28:13 GMT+0200 (sentraleuropeisk sommertid),60.69109721941044,5.357905229147287,3.5481374315255554,-4,65,PD,kritisk
vessel_1137_0,outbreak_synthetic_137,1137,Troms Anlegg 137,Wed May 04 2016 09:32:50 GMT+0200 (sentraleuropeisk sommertid),69.49335180321569,16.438922494042448,35.23144393735318,-20,43,PD,kritisk
vessel_1137_1,outbreak_synthetic_137,1137,Troms Anlegg 137,Fri Apr 15 2016 07:12:36 GMT+0200 (sentraleuropeisk sommertid),69.45797954270611,16.372901201595376,19.555326364038745,-6,10,PD,kritisk
vessel_1138_0,outbreak_synthetic_138,1138,Troms Anlegg 138,Tue Jan 30 2024 06:29:53 GMT+0100 (sentraleuropeisk normaltid),68.2202590408669,16.981335471104384,33.43342965295524,-29,10,ISA,kritisk
vessel_1138_1,outbreak_synthetic_138,1138,Troms Anlegg 138,Mon Feb 12 2024 09:07:51 GMT+0100 (sentraleuropeisk normaltid),68.1727751232238,16.96297425616623,8.47396432601819,2,20,ISA,kritisk
vessel_1139_0,outbreak_synthetic_139,1139,Nord-Trøndelag Anlegg 139,Fri Nov 14 2025 04:28:12 GMT+0100 (sentraleuropeisk normaltid),65.72104218663311,12.198400057106975,27.530953381006633,12,38,SRS,kritisk
vessel_1140_0,outbreak_synthetic_140,1140,Troms Anlegg 140,Thu Jan 04 2018 02:21:02 GMT+0100 (sentraleuropeisk normaltid),67.58981858668939,17.161064712681966,43.47087321337944,12,33,PRV,kritisk
vessel_1140_1,outbreak_synthetic_140,1140,Troms Anlegg 140,Wed Jan 17 2018 16:16:03 GMT+0100 (sentraleuropeisk normaltid),67.6274483530115,17.14447527470189,10.64847623992104,-22,36,PRV,kritisk
vessel_1140_2,outbreak_synthetic_140,1140,Troms Anlegg 140,Sun Jan 28 2018 16:29:24 GMT+0100 (sentraleuropeisk normaltid),67.6395711685462,17.12677473090414,4.269397072427939,12,29,PRV,kritisk
vessel_1140_3,outbreak_synthetic_140,1140,Troms Anlegg 140,Thu Jan 18 2018 19:40:05 GMT+0100 (sentraleuropeisk normaltid),67.62160540562729,17.123653869341076,31.157686459761706,-4,9,PRV,kritisk
vessel_1140_4,outbreak_synthetic_140,1140,Troms Anlegg 140,Wed Feb 14 2018 20:34:16 GMT+0100 (sentraleuropeisk normaltid),67.59053175748109,17.144679873492926,30.572288273426572,-28,16,PRV,kritisk
vessel_1141_0,outbreak_synthetic_141,1141,Troms Anlegg 141,Fri Aug 06 2021 19:32:43 GMT+0200 (sentraleuropeisk sommertid),67.70614339114684,16.53851238466249,2.6661173920160097,-22,24,SRS,kritisk
vessel_1141_1,outbreak_synthetic_141,1141,Troms Anlegg 141,Sat Jun 19 2021 22:32:31 GMT+0200 (sentraleuropeisk sommertid),67.7353826629992,16.532060914073604,6.395694746379749,18,64,SRS,kritisk
vessel_1142_0,outbreak_synthetic_142,1142,Sogn Anlegg 142,Sun Nov 03 2024 07:52:45 GMT+0100 (sentraleuropeisk normaltid),60.49602705228825,5.165237530283635,20.29401519708581,9,12,PRV,kritisk
vessel_1142_1,outbreak_synthetic_142,1142,Sogn Anlegg 142,Sun Nov 10 2024 18:28:25 GMT+0100 (sentraleuropeisk normaltid),60.50052205735725,5.131430043255151,28.52189270990238,-20,38,PRV,kritisk
vessel_1142_2,outbreak_synthetic_142,1142,Sogn Anlegg 142,Thu Nov 07 2024 03:14:16 GMT+0100 (sentraleuropeisk normaltid),60.50844436693263,5.115422783611289,2.745659911528875,-10,22,PRV,kritisk
vessel_1143_0,outbreak_synthetic_143,1143,Møre Anlegg 143,Sun Dec 20 2020 04:12:38 GMT+0100 (sentraleuropeisk normaltid),61.496065751989995,4.735783260326181,6.362707592740074,-8,0,PRV,kritisk
vessel_1143_1,outbreak_synthetic_143,1143,Møre Anlegg 143,Tue Dec 15 2020 12:12:00 GMT+0100 (sentraleuropeisk normaltid),61.51524468576324,4.723191693969283,32.74034192731586,-6,7,PRV,kritisk
vessel_1143_2,outbreak_synthetic_143,1143,Møre Anlegg 143,Tue Dec 15 2020 15:56:15 GMT+0100 (sentraleuropeisk normaltid),61.46821035356942,4.788414942901123,41.587538651677576,26,8,PRV,kritisk
vessel_1143_3,outbreak_synthetic_143,1143,Møre Anlegg 143,Fri Dec 18 2020 18:22:25 GMT+0100 (sentraleuropeisk normaltid),61.484418383525245,4.7862998806417565,34.76471466040325,-6,2,PRV,kritisk
vessel_1143_4,outbreak_synthetic_143,1143,Møre Anlegg 143,Mon Dec 21 2020 21:52:26 GMT+0100 (sentraleuropeisk normaltid),61.50669479720784,4.710572957091921,10.034044381948053,-21,4,PRV,kritisk
vessel_1144_0,outbreak_synthetic_144,1144,Troms Anlegg 144,Mon Jan 22 2018 15:37:22 GMT+0100 (sentraleuropeisk normaltid),67.95257772504712,16.560002671917253,18.418955885453315,5,5,ISA,kritisk
vessel_1144_1,outbreak_synthetic_144,1144,Troms Anlegg 144,Thu Jan 18 2018 13:53:53 GMT+0100 (sentraleuropeisk normaltid),67.9527244328575,16.5626662760778,36.876218910810614,19,1,ISA,kritisk
vessel_1144_2,outbreak_synthetic_144,1144,Troms Anlegg 144,Fri Jan 19 2018 04:53:48 GMT+0100 (sentraleuropeisk normaltid),68.02161119593987,16.59871285136907,45.05503054338176,-23,0,ISA,kritisk
vessel_1144_3,outbreak_synthetic_144,1144,Troms Anlegg 144,Mon Jan 29 2018 01:24:20 GMT+0100 (sentraleuropeisk normaltid),68.02493811460317,16.607352920829832,26.837770039324944,-16,3,ISA,kritisk
vessel_1145_0,outbreak_synthetic_145,1145,Troms Anlegg 145,Sun Mar 05 2017 09:36:01 GMT+0100 (sentraleuropeisk normaltid),67.79051956287405,16.274345402747866,43.88118900777955,11,39,ISA,kritisk
vessel_1146_0,outbreak_synthetic_146,1146,Nord-Trøndelag Anlegg 146,Thu Dec 13 2018 12:38:54 GMT+0100 (sentraleuropeisk normaltid),65.6480185582069,11.922776090716656,6.333997896304172,-24,22,PRV,kritisk
vessel_1146_1,outbreak_synthetic_146,1146,Nord-Trøndelag Anlegg 146,Thu Nov 08 2018 00:12:07 GMT+0100 (sentraleuropeisk normaltid),65.59609745238795,11.951141431119723,28.828936806956367,5,29,PRV,kritisk
vessel_1146_2,outbreak_synthetic_146,1146,Nord-Trøndelag Anlegg 146,Thu Dec 06 2018 04:59:52 GMT+0100 (sentraleuropeisk normaltid),65.61943530169671,11.924686587042077,13.195898177434195,-30,37,PRV,kritisk
vessel_1146_3,outbreak_synthetic_146,1146,Nord-Trøndelag Anlegg 146,Fri Nov 30 2018 10:43:54 GMT+0100 (sentraleuropeisk normaltid),65.66003941072732,11.943759263928584,45.198971652503296,16,11,PRV,kritisk
vessel_1146_4,outbreak_synthetic_146,1146,Nord-Trøndelag Anlegg 146,Sun Nov 18 2018 21:44:42 GMT+0100 (sentraleuropeisk normaltid),65.68272315215444,11.99707224404211,47.62057642742357,7,8,PRV,kritisk
vessel_1147_0,outbreak_synthetic_147,1147,Hordaland Anlegg 147,Sat Jan 06 2018 07:07:07 GMT+0100 (sentraleuropeisk normaltid),59.69199218859771,5.887939157218411,31.842835752404152,6,27,PRV,kritisk
vessel_1147_1,outbreak_synthetic_147,1147,Hordaland Anlegg 147,Sun Jan 14 2018 04:27:08 GMT+0100 (sentraleuropeisk normaltid),59.64731354619473,5.9321467898216875,19.433360653248272,-9,6,PRV,kritisk
vessel_1147_2,outbreak_synthetic_147,1147,Hordaland Anlegg 147,Tue Jan 09 2018 12:07:01 GMT+0100 (sentraleuropeisk normaltid),59.64266066871848,5.907001189818541,19.059051078646178,20,35,PRV,kritisk
vessel_1147_3,outbreak_synthetic_147,1147,Hordaland Anlegg 147,Wed Jan 03 2018 19:11:06 GMT+0100 (sentraleuropeisk normaltid),59.70894125848335,5.89823880121968,41.43409376959607,-24,16,PRV,kritisk
vessel_1148_0,outbreak_synthetic_148,1148,Nord-Trøndelag Anlegg 148,Mon Feb 13 2017 08:37:38 GMT+0100 (sentraleuropeisk normaltid),65.68189928215986,10.896080673716762,21.687231932632578,-19,53,SRS,kritisk
vessel_1148_1,outbreak_synthetic_148,1148,Nord-Trøndelag Anlegg 148,Mon Mar 27 2017 12:25:47 GMT+0200 (sentraleuropeisk sommertid),65.76217865848065,10.87645844495399,8.16697090518828,5,6,SRS,kritisk
vessel_1148_2,outbreak_synthetic_148,1148,Nord-Trøndelag Anlegg 148,Tue May 02 2017 22:56:39 GMT+0200 (sentraleuropeisk sommertid),65.70247996566371,10.908485585652153,2.141694524063187,-20,27,SRS,kritisk
vessel_1148_3,outbreak_synthetic_148,1148,Nord-Trøndelag Anlegg 148,Wed Apr 12 2017 14:00:13 GMT+0200 (sentraleuropeisk sommertid),65.75569157665164,10.87432808969369,40.00701274297889,-16,45,SRS,kritisk
vessel_1149_0,outbreak_synthetic_149,1149,Hordaland Anlegg 149,Sat Oct 03 2020 01:48:17 GMT+0200 (sentraleuropeisk sommertid),60.566686515286676,5.402799395693873,29.879012521207997,-29,36,PRV,kritisk
vessel_1149_1,outbreak_synthetic_149,1149,Hordaland Anlegg 149,Sun Sep 27 2020 00:19:17 GMT+0200 (sentraleuropeisk sommertid),60.653553911062865,5.319405991397189,46.040642960076504,15,29,PRV,kritisk
vessel_1149_2,outbreak_synthetic_149,1149,Hordaland Anlegg 149,Wed Sep 16 2020 03:56:49 GMT+0200 (sentraleuropeisk sommertid),60.600408462332354,5.343694720369594,41.21427985004969,14,51,PRV,kritisk
vessel_1149_3,outbreak_synthetic_149,1149,Hordaland Anlegg 149,Sun Oct 18 2020 17:37:35 GMT+0200 (sentraleuropeisk sommertid),60.64111454598726,5.385606069640424,6.939520613823086,18,35,PRV,kritisk
